city_key,city_name,province,city_tier_v1,tier_rank,city_segment_v1,segment_rank,segment_basis,segment_confidence,special_city_type,needs_manual_review,review_reason,notes
cn_city_18026d37,上海,上海,一线,1,一线核心城市,1,继承主层级：一线城市,high,normal,no,,第一版人工规则种子，后续需用人口、产业、库存、成交、租金和通勤数据校正
cn_city_f3d7bea6,北京,北京,一线,1,一线核心城市,1,继承主层级：一线城市,high,normal,no,,第一版人工规则种子，后续需用人口、产业、库存、成交、租金和通勤数据校正
cn_city_6b188aa2,广州,广东,一线,1,一线核心城市,1,继承主层级：一线城市,high,normal,no,,第一版人工规则种子，后续需用人口、产业、库存、成交、租金和通勤数据校正
cn_city_13efdd84,深圳,广东,一线,1,一线核心城市,1,继承主层级：一线城市,high,normal,no,,第一版人工规则种子，后续需用人口、产业、库存、成交、租金和通勤数据校正
cn_city_d5d37f5f,成都,四川,新一线与强二线,2,新一线与强二线核心城市,2,继承主层级：新一线与强二线,medium,normal,no,,第一版人工规则种子，后续需用人口、产业、库存、成交、租金和通勤数据校正
cn_city_6ab6de26,天津,天津,新一线与强二线,2,新一线与强二线核心城市,2,继承主层级：新一线与强二线,medium,normal,no,,第一版人工规则种子，后续需用人口、产业、库存、成交、租金和通勤数据校正
cn_city_5dcc8e30,合肥,安徽,新一线与强二线,2,新一线与强二线核心城市,2,继承主层级：新一线与强二线,medium,normal,no,,第一版人工规则种子，后续需用人口、产业、库存、成交、租金和通勤数据校正
cn_city_a2b3b36b,青岛,山东,新一线与强二线,2,新一线与强二线核心城市,2,继承主层级：新一线与强二线,medium,normal,no,,第一版人工规则种子，后续需用人口、产业、库存、成交、租金和通勤数据校正
cn_city_e288ec11,东莞,广东,新一线与强二线,2,新一线与强二线核心城市,2,继承主层级：新一线与强二线,medium,normal,no,,第一版人工规则种子，后续需用人口、产业、库存、成交、租金和通勤数据校正
cn_city_2f2c283e,佛山,广东,新一线与强二线,2,新一线与强二线核心城市,2,继承主层级：新一线与强二线,medium,normal,no,,第一版人工规则种子，后续需用人口、产业、库存、成交、租金和通勤数据校正
cn_city_d4592da4,南京,江苏,新一线与强二线,2,新一线与强二线核心城市,2,继承主层级：新一线与强二线,medium,normal,no,,第一版人工规则种子，后续需用人口、产业、库存、成交、租金和通勤数据校正
cn_city_2d101c83,苏州,江苏,新一线与强二线,2,新一线与强二线核心城市,2,继承主层级：新一线与强二线,medium,normal,no,,第一版人工规则种子，后续需用人口、产业、库存、成交、租金和通勤数据校正
cn_city_84277e50,郑州,河南,新一线与强二线,2,新一线与强二线核心城市,2,继承主层级：新一线与强二线,medium,normal,no,,第一版人工规则种子，后续需用人口、产业、库存、成交、租金和通勤数据校正
cn_city_4664b750,宁波,浙江,新一线与强二线,2,新一线与强二线核心城市,2,继承主层级：新一线与强二线,medium,normal,no,,第一版人工规则种子，后续需用人口、产业、库存、成交、租金和通勤数据校正
cn_city_d2ccb6c4,杭州,浙江,新一线与强二线,2,新一线与强二线核心城市,2,继承主层级：新一线与强二线,medium,normal,no,,第一版人工规则种子，后续需用人口、产业、库存、成交、租金和通勤数据校正
cn_city_1f8e09c1,武汉,湖北,新一线与强二线,2,新一线与强二线核心城市,2,继承主层级：新一线与强二线,medium,normal,no,,第一版人工规则种子，后续需用人口、产业、库存、成交、租金和通勤数据校正
cn_city_89b6c6bc,长沙,湖南,新一线与强二线,2,新一线与强二线核心城市,2,继承主层级：新一线与强二线,medium,normal,no,,第一版人工规则种子，后续需用人口、产业、库存、成交、租金和通勤数据校正
cn_city_e607e00d,重庆,重庆,新一线与强二线,2,新一线与强二线核心城市,2,继承主层级：新一线与强二线,medium,normal,no,,第一版人工规则种子，后续需用人口、产业、库存、成交、租金和通勤数据校正
cn_city_27bdc60a,西安,陕西,新一线与强二线,2,新一线与强二线核心城市,2,继承主层级：新一线与强二线,medium,normal,no,,第一版人工规则种子，后续需用人口、产业、库存、成交、租金和通勤数据校正
cn_city_0c0f4817,昆明,云南,普通二线,3,普通二线与区域中心城市,3,继承主层级：普通二线或区域中心候选,low,normal,no,,第一版人工规则种子，后续需用人口、产业、库存、成交、租金和通勤数据校正
cn_city_cd63eba5,包头,内蒙古,普通二线,3,普通二线与区域中心城市,3,继承主层级：普通二线或区域中心候选,low,normal,no,,第一版人工规则种子，后续需用人口、产业、库存、成交、租金和通勤数据校正
cn_city_f5ac800c,呼和浩特,内蒙古,普通二线,3,普通二线与区域中心城市,3,继承主层级：普通二线或区域中心候选,low,normal,no,,第一版人工规则种子，后续需用人口、产业、库存、成交、租金和通勤数据校正
cn_city_1b5d5f85,鄂尔多斯,内蒙古,普通二线,3,普通二线与区域中心城市,3,继承主层级：普通二线或区域中心候选,low,normal,no,,第一版人工规则种子，后续需用人口、产业、库存、成交、租金和通勤数据校正
cn_city_bed05747,长春,吉林,普通二线,3,普通二线与区域中心城市,3,继承主层级：普通二线或区域中心候选,low,normal,no,,第一版人工规则种子，后续需用人口、产业、库存、成交、租金和通勤数据校正
cn_city_b464f477,绵阳,四川,普通二线,3,普通二线与区域中心城市,3,继承主层级：普通二线或区域中心候选,low,normal,no,,第一版人工规则种子，后续需用人口、产业、库存、成交、租金和通勤数据校正
cn_city_30d568c1,银川,宁夏,普通二线,3,普通二线与区域中心城市,3,继承主层级：普通二线或区域中心候选,low,normal,no,,第一版人工规则种子，后续需用人口、产业、库存、成交、租金和通勤数据校正
cn_city_77d3a0e5,临沂,山东,普通二线,3,普通二线与区域中心城市,3,继承主层级：普通二线或区域中心候选,low,normal,no,,第一版人工规则种子，后续需用人口、产业、库存、成交、租金和通勤数据校正
cn_city_1203aa8f,济南,山东,普通二线,3,普通二线与区域中心城市,3,继承主层级：普通二线或区域中心候选,low,normal,no,,第一版人工规则种子，后续需用人口、产业、库存、成交、租金和通勤数据校正
cn_city_8481a7f6,济宁,山东,普通二线,3,普通二线与区域中心城市,3,继承主层级：普通二线或区域中心候选,low,normal,no,,第一版人工规则种子，后续需用人口、产业、库存、成交、租金和通勤数据校正
cn_city_5882fc94,潍坊,山东,普通二线,3,普通二线与区域中心城市,3,继承主层级：普通二线或区域中心候选,low,normal,no,,第一版人工规则种子，后续需用人口、产业、库存、成交、租金和通勤数据校正
cn_city_ed73bf12,烟台,山东,普通二线,3,普通二线与区域中心城市,3,继承主层级：普通二线或区域中心候选,low,normal,no,,第一版人工规则种子，后续需用人口、产业、库存、成交、租金和通勤数据校正
cn_city_0d670112,太原,山西,普通二线,3,普通二线与区域中心城市,3,继承主层级：普通二线或区域中心候选,low,normal,no,,第一版人工规则种子，后续需用人口、产业、库存、成交、租金和通勤数据校正
cn_city_46b8159c,中山,广东,普通二线,3,普通二线与区域中心城市,3,继承主层级：普通二线或区域中心候选,low,normal,no,,第一版人工规则种子，后续需用人口、产业、库存、成交、租金和通勤数据校正
cn_city_d0a3882b,惠州,广东,普通二线,3,普通二线与区域中心城市,3,继承主层级：普通二线或区域中心候选,low,normal,no,,第一版人工规则种子，后续需用人口、产业、库存、成交、租金和通勤数据校正
cn_city_c2a1e131,珠海,广东,普通二线,3,普通二线与区域中心城市,3,继承主层级：普通二线或区域中心候选,low,normal,no,,第一版人工规则种子，后续需用人口、产业、库存、成交、租金和通勤数据校正
cn_city_5f4c256d,南宁,广西,普通二线,3,普通二线与区域中心城市,3,继承主层级：普通二线或区域中心候选,low,normal,no,,第一版人工规则种子，后续需用人口、产业、库存、成交、租金和通勤数据校正
cn_city_14a03d46,柳州,广西,普通二线,3,普通二线与区域中心城市,3,继承主层级：普通二线或区域中心候选,low,normal,no,,第一版人工规则种子，后续需用人口、产业、库存、成交、租金和通勤数据校正
cn_city_f3ecf709,桂林,广西,普通二线,3,普通二线与区域中心城市,3,继承主层级：普通二线或区域中心候选,low,normal,no,,第一版人工规则种子，后续需用人口、产业、库存、成交、租金和通勤数据校正
cn_city_64e6759c,乌鲁木齐,新疆,普通二线,3,普通二线与区域中心城市,3,继承主层级：普通二线或区域中心候选,low,normal,no,,第一版人工规则种子，后续需用人口、产业、库存、成交、租金和通勤数据校正
cn_city_3f14bdeb,南通,江苏,普通二线,3,普通二线与区域中心城市,3,继承主层级：普通二线或区域中心候选,low,normal,no,,第一版人工规则种子，后续需用人口、产业、库存、成交、租金和通勤数据校正
cn_city_6fbde727,常州,江苏,普通二线,3,普通二线与区域中心城市,3,继承主层级：普通二线或区域中心候选,low,normal,no,,第一版人工规则种子，后续需用人口、产业、库存、成交、租金和通勤数据校正
cn_city_64c0ff60,徐州,江苏,普通二线,3,普通二线与区域中心城市,3,继承主层级：普通二线或区域中心候选,low,normal,no,,第一版人工规则种子，后续需用人口、产业、库存、成交、租金和通勤数据校正
cn_city_67186ed4,扬州,江苏,普通二线,3,普通二线与区域中心城市,3,继承主层级：普通二线或区域中心候选,low,normal,no,,第一版人工规则种子，后续需用人口、产业、库存、成交、租金和通勤数据校正
cn_city_c449399a,无锡,江苏,普通二线,3,普通二线与区域中心城市,3,继承主层级：普通二线或区域中心候选,low,normal,no,,第一版人工规则种子，后续需用人口、产业、库存、成交、租金和通勤数据校正
cn_city_c0946ea0,南昌,江西,普通二线,3,普通二线与区域中心城市,3,继承主层级：普通二线或区域中心候选,low,normal,no,,第一版人工规则种子，后续需用人口、产业、库存、成交、租金和通勤数据校正
cn_city_258d1bf2,保定,河北,普通二线,3,普通二线与区域中心城市,3,继承主层级：普通二线或区域中心候选,low,normal,no,,第一版人工规则种子，后续需用人口、产业、库存、成交、租金和通勤数据校正
cn_city_6f6cc9e7,唐山,河北,普通二线,3,普通二线与区域中心城市,3,继承主层级：普通二线或区域中心候选,low,normal,no,,第一版人工规则种子，后续需用人口、产业、库存、成交、租金和通勤数据校正
cn_city_874e2fd9,石家庄,河北,普通二线,3,普通二线与区域中心城市,3,继承主层级：普通二线或区域中心候选,low,normal,no,,第一版人工规则种子，后续需用人口、产业、库存、成交、租金和通勤数据校正
cn_city_9efe8e5e,洛阳,河南,普通二线,3,普通二线与区域中心城市,3,继承主层级：普通二线或区域中心候选,low,normal,no,,第一版人工规则种子，后续需用人口、产业、库存、成交、租金和通勤数据校正
cn_city_06c3ea91,台州,浙江,普通二线,3,普通二线与区域中心城市,3,继承主层级：普通二线或区域中心候选,low,normal,no,,第一版人工规则种子，后续需用人口、产业、库存、成交、租金和通勤数据校正
cn_city_7cbcef7f,嘉兴,浙江,普通二线,3,普通二线与区域中心城市,3,继承主层级：普通二线或区域中心候选,low,normal,no,,第一版人工规则种子，后续需用人口、产业、库存、成交、租金和通勤数据校正
cn_city_be3bf3ea,温州,浙江,普通二线,3,普通二线与区域中心城市,3,继承主层级：普通二线或区域中心候选,low,normal,no,,第一版人工规则种子，后续需用人口、产业、库存、成交、租金和通勤数据校正
cn_city_ded55fbd,绍兴,浙江,普通二线,3,普通二线与区域中心城市,3,继承主层级：普通二线或区域中心候选,low,normal,no,,第一版人工规则种子，后续需用人口、产业、库存、成交、租金和通勤数据校正
cn_city_6b7d50e9,金华,浙江,普通二线,3,普通二线与区域中心城市,3,继承主层级：普通二线或区域中心候选,low,normal,no,,第一版人工规则种子，后续需用人口、产业、库存、成交、租金和通勤数据校正
cn_city_8e7394f4,海口,海南,普通二线,3,普通二线与区域中心城市,3,继承主层级：普通二线或区域中心候选,low,normal,no,,第一版人工规则种子，后续需用人口、产业、库存、成交、租金和通勤数据校正
cn_city_608bee22,宜昌,湖北,普通二线,3,普通二线与区域中心城市,3,继承主层级：普通二线或区域中心候选,low,normal,no,,第一版人工规则种子，后续需用人口、产业、库存、成交、租金和通勤数据校正
cn_city_2e6e6f15,襄阳,湖北,普通二线,3,普通二线与区域中心城市,3,继承主层级：普通二线或区域中心候选,low,normal,no,,第一版人工规则种子，后续需用人口、产业、库存、成交、租金和通勤数据校正
cn_city_e335d8f9,株洲,湖南,普通二线,3,普通二线与区域中心城市,3,继承主层级：普通二线或区域中心候选,low,normal,no,,第一版人工规则种子，后续需用人口、产业、库存、成交、租金和通勤数据校正
cn_city_ed04edf6,兰州,甘肃,普通二线,3,普通二线与区域中心城市,3,继承主层级：普通二线或区域中心候选,low,normal,no,,第一版人工规则种子，后续需用人口、产业、库存、成交、租金和通勤数据校正
cn_city_7b1c4ec6,厦门,福建,普通二线,3,普通二线与区域中心城市,3,继承主层级：普通二线或区域中心候选,low,normal,no,,第一版人工规则种子，后续需用人口、产业、库存、成交、租金和通勤数据校正
cn_city_e520d9e3,泉州,福建,普通二线,3,普通二线与区域中心城市,3,继承主层级：普通二线或区域中心候选,low,normal,no,,第一版人工规则种子，后续需用人口、产业、库存、成交、租金和通勤数据校正
cn_city_313cefca,福州,福建,普通二线,3,普通二线与区域中心城市,3,继承主层级：普通二线或区域中心候选,low,normal,no,,第一版人工规则种子，后续需用人口、产业、库存、成交、租金和通勤数据校正
cn_city_7853790d,拉萨,西藏,普通二线,3,普通二线与区域中心城市,3,继承主层级：普通二线或区域中心候选,low,normal,no,,第一版人工规则种子，后续需用人口、产业、库存、成交、租金和通勤数据校正
cn_city_a8948dad,贵阳,贵州,普通二线,3,普通二线与区域中心城市,3,继承主层级：普通二线或区域中心候选,low,normal,no,,第一版人工规则种子，后续需用人口、产业、库存、成交、租金和通勤数据校正
cn_city_a004e98a,遵义,贵州,普通二线,3,普通二线与区域中心城市,3,继承主层级：普通二线或区域中心候选,low,normal,no,,第一版人工规则种子，后续需用人口、产业、库存、成交、租金和通勤数据校正
cn_city_bad9c3cf,大连,辽宁,普通二线,3,普通二线与区域中心城市,3,继承主层级：普通二线或区域中心候选,low,normal,no,,第一版人工规则种子，后续需用人口、产业、库存、成交、租金和通勤数据校正
cn_city_b7bd46e5,沈阳,辽宁,普通二线,3,普通二线与区域中心城市,3,继承主层级：普通二线或区域中心候选,low,normal,no,,第一版人工规则种子，后续需用人口、产业、库存、成交、租金和通勤数据校正
cn_city_18d49b8f,咸阳,陕西,普通二线,3,普通二线与区域中心城市,3,继承主层级：普通二线或区域中心候选,low,normal,no,,第一版人工规则种子，后续需用人口、产业、库存、成交、租金和通勤数据校正
cn_city_e89f58eb,榆林,陕西,普通二线,3,普通二线与区域中心城市,3,继承主层级：普通二线或区域中心候选,low,normal,no,,第一版人工规则种子，后续需用人口、产业、库存、成交、租金和通勤数据校正
cn_city_06c94b2c,西宁,青海,普通二线,3,普通二线与区域中心城市,3,继承主层级：普通二线或区域中心候选,low,normal,no,,第一版人工规则种子，后续需用人口、产业、库存、成交、租金和通勤数据校正
cn_city_b91eb124,哈尔滨,黑龙江,普通二线,3,普通二线与区域中心城市,3,继承主层级：普通二线或区域中心候选,low,normal,no,,第一版人工规则种子，后续需用人口、产业、库存、成交、租金和通勤数据校正
cn_city_dd3e4189,巢湖,安徽,三四线,4,历史区划或数据异常城市,4,城市主键表或覆盖核对表标记为需人工核查,medium,historical_adjustment,yes,工作簿覆盖不完整；原地级巢湖市已撤销，需按年份和口径决定是否并入合肥、芜湖、马鞍山等后续区划。；购买地级市房地产指标覆盖不完整,第一版人工规则种子，后续需用人口、产业、库存、成交、租金和通勤数据校正
cn_city_6aa29de1,莱芜,山东,三四线,4,历史区划或数据异常城市,4,城市主键表或覆盖核对表标记为需人工核查,medium,historical_adjustment,yes,工作簿覆盖不完整；原莱芜市已并入济南，跨年份分析需单独处理。；购买地级市房地产指标覆盖不完整,第一版人工规则种子，后续需用人口、产业、库存、成交、租金和通勤数据校正
cn_city_4cffe756,哈密,新疆,三四线,4,历史区划或数据异常城市,4,城市主键表或覆盖核对表标记为需人工核查,medium,name_normalization,yes,原始城市名含不可见字符；原始数据存在零宽字符，已规范化为哈密。,第一版人工规则种子，后续需用人口、产业、库存、成交、租金和通勤数据校正
cn_city_eb3aa9f1,那曲,西藏,三四线,4,历史区划或数据异常城市,4,城市主键表或覆盖核对表标记为需人工核查,medium,coverage_gap,yes,工作簿覆盖不完整；缺商品房销售额和住宅销售额，需核对统计口径和数据可得性。；购买地级市房地产指标覆盖不完整,第一版人工规则种子，后续需用人口、产业、库存、成交、租金和通勤数据校正
cn_city_6f515078,乌海,内蒙古,三四线,4,资源型或收缩型候选城市,5,城市层级种子表 special_city_type 标记为资源型或收缩型候选,medium,资源型或收缩型候选,yes,资源型或收缩型候选需用人口、产业、财政和成交流动性数据验证,第一版人工规则种子，后续需用人口、产业、库存、成交、租金和通勤数据校正
cn_city_7847082f,白城,吉林,三四线,4,资源型或收缩型候选城市,5,城市层级种子表 special_city_type 标记为资源型或收缩型候选,medium,资源型或收缩型候选,yes,资源型或收缩型候选需用人口、产业、财政和成交流动性数据验证,第一版人工规则种子，后续需用人口、产业、库存、成交、租金和通勤数据校正
cn_city_d4194d9b,白山,吉林,三四线,4,资源型或收缩型候选城市,5,城市层级种子表 special_city_type 标记为资源型或收缩型候选,medium,资源型或收缩型候选,yes,资源型或收缩型候选需用人口、产业、财政和成交流动性数据验证,第一版人工规则种子，后续需用人口、产业、库存、成交、租金和通勤数据校正
cn_city_8350d559,辽源,吉林,三四线,4,资源型或收缩型候选城市,5,城市层级种子表 special_city_type 标记为资源型或收缩型候选,medium,资源型或收缩型候选,yes,资源型或收缩型候选需用人口、产业、财政和成交流动性数据验证,第一版人工规则种子，后续需用人口、产业、库存、成交、租金和通勤数据校正
cn_city_a56dd4ce,攀枝花,四川,三四线,4,资源型或收缩型候选城市,5,城市层级种子表 special_city_type 标记为资源型或收缩型候选,medium,资源型或收缩型候选,yes,资源型或收缩型候选需用人口、产业、财政和成交流动性数据验证,第一版人工规则种子，后续需用人口、产业、库存、成交、租金和通勤数据校正
cn_city_d5207eab,朔州,山西,三四线,4,资源型或收缩型候选城市,5,城市层级种子表 special_city_type 标记为资源型或收缩型候选,medium,资源型或收缩型候选,yes,资源型或收缩型候选需用人口、产业、财政和成交流动性数据验证,第一版人工规则种子，后续需用人口、产业、库存、成交、租金和通勤数据校正
cn_city_12b12502,阳泉,山西,三四线,4,资源型或收缩型候选城市,5,城市层级种子表 special_city_type 标记为资源型或收缩型候选,medium,资源型或收缩型候选,yes,资源型或收缩型候选需用人口、产业、财政和成交流动性数据验证,第一版人工规则种子，后续需用人口、产业、库存、成交、租金和通勤数据校正
cn_city_e37d191f,克拉玛依,新疆,三四线,4,资源型或收缩型候选城市,5,城市层级种子表 special_city_type 标记为资源型或收缩型候选,medium,资源型或收缩型候选,yes,资源型或收缩型候选需用人口、产业、财政和成交流动性数据验证,第一版人工规则种子，后续需用人口、产业、库存、成交、租金和通勤数据校正
cn_city_c072a108,嘉峪关,甘肃,三四线,4,资源型或收缩型候选城市,5,城市层级种子表 special_city_type 标记为资源型或收缩型候选,medium,资源型或收缩型候选,yes,资源型或收缩型候选需用人口、产业、财政和成交流动性数据验证,第一版人工规则种子，后续需用人口、产业、库存、成交、租金和通勤数据校正
cn_city_f63093aa,金昌,甘肃,三四线,4,资源型或收缩型候选城市,5,城市层级种子表 special_city_type 标记为资源型或收缩型候选,medium,资源型或收缩型候选,yes,资源型或收缩型候选需用人口、产业、财政和成交流动性数据验证,第一版人工规则种子，后续需用人口、产业、库存、成交、租金和通勤数据校正
cn_city_149a4e96,抚顺,辽宁,三四线,4,资源型或收缩型候选城市,5,城市层级种子表 special_city_type 标记为资源型或收缩型候选,medium,资源型或收缩型候选,yes,资源型或收缩型候选需用人口、产业、财政和成交流动性数据验证,第一版人工规则种子，后续需用人口、产业、库存、成交、租金和通勤数据校正
cn_city_81e750aa,本溪,辽宁,三四线,4,资源型或收缩型候选城市,5,城市层级种子表 special_city_type 标记为资源型或收缩型候选,medium,资源型或收缩型候选,yes,资源型或收缩型候选需用人口、产业、财政和成交流动性数据验证,第一版人工规则种子，后续需用人口、产业、库存、成交、租金和通勤数据校正
cn_city_a79c55d6,阜新,辽宁,三四线,4,资源型或收缩型候选城市,5,城市层级种子表 special_city_type 标记为资源型或收缩型候选,medium,资源型或收缩型候选,yes,资源型或收缩型候选需用人口、产业、财政和成交流动性数据验证,第一版人工规则种子，后续需用人口、产业、库存、成交、租金和通勤数据校正
cn_city_d4480e81,铜川,陕西,三四线,4,资源型或收缩型候选城市,5,城市层级种子表 special_city_type 标记为资源型或收缩型候选,medium,资源型或收缩型候选,yes,资源型或收缩型候选需用人口、产业、财政和成交流动性数据验证,第一版人工规则种子，后续需用人口、产业、库存、成交、租金和通勤数据校正
cn_city_dabdcded,七台河,黑龙江,三四线,4,资源型或收缩型候选城市,5,城市层级种子表 special_city_type 标记为资源型或收缩型候选,medium,资源型或收缩型候选,yes,资源型或收缩型候选需用人口、产业、财政和成交流动性数据验证,第一版人工规则种子，后续需用人口、产业、库存、成交、租金和通勤数据校正
cn_city_360af1af,伊春,黑龙江,三四线,4,资源型或收缩型候选城市,5,城市层级种子表 special_city_type 标记为资源型或收缩型候选,medium,资源型或收缩型候选,yes,资源型或收缩型候选需用人口、产业、财政和成交流动性数据验证,第一版人工规则种子，后续需用人口、产业、库存、成交、租金和通勤数据校正
cn_city_94787503,双鸭山,黑龙江,三四线,4,资源型或收缩型候选城市,5,城市层级种子表 special_city_type 标记为资源型或收缩型候选,medium,资源型或收缩型候选,yes,资源型或收缩型候选需用人口、产业、财政和成交流动性数据验证,第一版人工规则种子，后续需用人口、产业、库存、成交、租金和通勤数据校正
cn_city_dad718e4,大庆,黑龙江,三四线,4,资源型或收缩型候选城市,5,城市层级种子表 special_city_type 标记为资源型或收缩型候选,medium,资源型或收缩型候选,yes,资源型或收缩型候选需用人口、产业、财政和成交流动性数据验证,第一版人工规则种子，后续需用人口、产业、库存、成交、租金和通勤数据校正
cn_city_96bd5b90,鸡西,黑龙江,三四线,4,资源型或收缩型候选城市,5,城市层级种子表 special_city_type 标记为资源型或收缩型候选,medium,资源型或收缩型候选,yes,资源型或收缩型候选需用人口、产业、财政和成交流动性数据验证,第一版人工规则种子，后续需用人口、产业、库存、成交、租金和通勤数据校正
cn_city_822aeb95,鹤岗,黑龙江,三四线,4,资源型或收缩型候选城市,5,城市层级种子表 special_city_type 标记为资源型或收缩型候选,medium,资源型或收缩型候选,yes,资源型或收缩型候选需用人口、产业、财政和成交流动性数据验证,第一版人工规则种子，后续需用人口、产业、库存、成交、租金和通勤数据校正
cn_city_0996b803,广安,四川,三四线,4,都市圈外围承接型候选城市,6,人工规则种子：位于主要都市圈或城市群外围，可能承接通勤、产业或外溢住房需求,low,normal,no,,第一版人工规则种子，后续需用人口、产业、库存、成交、租金和通勤数据校正
cn_city_6a4925f7,德阳,四川,三四线,4,都市圈外围承接型候选城市,6,人工规则种子：位于主要都市圈或城市群外围，可能承接通勤、产业或外溢住房需求,low,normal,no,,第一版人工规则种子，后续需用人口、产业、库存、成交、租金和通勤数据校正
cn_city_1fdeb6e9,泸州,四川,三四线,4,都市圈外围承接型候选城市,6,人工规则种子：位于主要都市圈或城市群外围，可能承接通勤、产业或外溢住房需求,low,normal,no,,第一版人工规则种子，后续需用人口、产业、库存、成交、租金和通勤数据校正
cn_city_1ad95d43,眉山,四川,三四线,4,都市圈外围承接型候选城市,6,人工规则种子：位于主要都市圈或城市群外围，可能承接通勤、产业或外溢住房需求,low,normal,no,,第一版人工规则种子，后续需用人口、产业、库存、成交、租金和通勤数据校正
cn_city_625158c5,资阳,四川,三四线,4,都市圈外围承接型候选城市,6,人工规则种子：位于主要都市圈或城市群外围，可能承接通勤、产业或外溢住房需求,low,normal,no,,第一版人工规则种子，后续需用人口、产业、库存、成交、租金和通勤数据校正
cn_city_1a02c167,遂宁,四川,三四线,4,都市圈外围承接型候选城市,6,人工规则种子：位于主要都市圈或城市群外围，可能承接通勤、产业或外溢住房需求,low,normal,no,,第一版人工规则种子，后续需用人口、产业、库存、成交、租金和通勤数据校正
cn_city_dd0337a7,汕头,广东,三四线,4,都市圈外围承接型候选城市,6,人工规则种子：位于主要都市圈或城市群外围，可能承接通勤、产业或外溢住房需求,low,normal,no,,第一版人工规则种子，后续需用人口、产业、库存、成交、租金和通勤数据校正
cn_city_5647fece,江门,广东,三四线,4,都市圈外围承接型候选城市,6,人工规则种子：位于主要都市圈或城市群外围，可能承接通勤、产业或外溢住房需求,low,normal,no,,第一版人工规则种子，后续需用人口、产业、库存、成交、租金和通勤数据校正
cn_city_c426659f,清远,广东,三四线,4,都市圈外围承接型候选城市,6,人工规则种子：位于主要都市圈或城市群外围，可能承接通勤、产业或外溢住房需求,low,normal,no,,第一版人工规则种子，后续需用人口、产业、库存、成交、租金和通勤数据校正
cn_city_380666ad,肇庆,广东,三四线,4,都市圈外围承接型候选城市,6,人工规则种子：位于主要都市圈或城市群外围，可能承接通勤、产业或外溢住房需求,low,normal,no,,第一版人工规则种子，后续需用人口、产业、库存、成交、租金和通勤数据校正
cn_city_ba009c36,泰州,江苏,三四线,4,都市圈外围承接型候选城市,6,人工规则种子：位于主要都市圈或城市群外围，可能承接通勤、产业或外溢住房需求,low,normal,no,,第一版人工规则种子，后续需用人口、产业、库存、成交、租金和通勤数据校正
cn_city_013057fd,淮安,江苏,三四线,4,都市圈外围承接型候选城市,6,人工规则种子：位于主要都市圈或城市群外围，可能承接通勤、产业或外溢住房需求,low,normal,no,,第一版人工规则种子，后续需用人口、产业、库存、成交、租金和通勤数据校正
cn_city_4094fc67,盐城,江苏,三四线,4,都市圈外围承接型候选城市,6,人工规则种子：位于主要都市圈或城市群外围，可能承接通勤、产业或外溢住房需求,low,normal,no,,第一版人工规则种子，后续需用人口、产业、库存、成交、租金和通勤数据校正
cn_city_4779ebe6,镇江,江苏,三四线,4,都市圈外围承接型候选城市,6,人工规则种子：位于主要都市圈或城市群外围，可能承接通勤、产业或外溢住房需求,low,normal,no,,第一版人工规则种子，后续需用人口、产业、库存、成交、租金和通勤数据校正
cn_city_e786d540,廊坊,河北,三四线,4,都市圈外围承接型候选城市,6,人工规则种子：位于主要都市圈或城市群外围，可能承接通勤、产业或外溢住房需求,low,normal,no,,第一版人工规则种子，后续需用人口、产业、库存、成交、租金和通勤数据校正
cn_city_5e80feca,张家口,河北,三四线,4,都市圈外围承接型候选城市,6,人工规则种子：位于主要都市圈或城市群外围，可能承接通勤、产业或外溢住房需求,low,normal,no,,第一版人工规则种子，后续需用人口、产业、库存、成交、租金和通勤数据校正
cn_city_b1ecbab2,承德,河北,三四线,4,都市圈外围承接型候选城市,6,人工规则种子：位于主要都市圈或城市群外围，可能承接通勤、产业或外溢住房需求,low,normal,no,,第一版人工规则种子，后续需用人口、产业、库存、成交、租金和通勤数据校正
cn_city_798bbdf0,沧州,河北,三四线,4,都市圈外围承接型候选城市,6,人工规则种子：位于主要都市圈或城市群外围，可能承接通勤、产业或外溢住房需求,low,normal,no,,第一版人工规则种子，后续需用人口、产业、库存、成交、租金和通勤数据校正
cn_city_ce66d930,秦皇岛,河北,三四线,4,都市圈外围承接型候选城市,6,人工规则种子：位于主要都市圈或城市群外围，可能承接通勤、产业或外溢住房需求,low,normal,no,,第一版人工规则种子，后续需用人口、产业、库存、成交、租金和通勤数据校正
cn_city_51d54e38,平顶山,河南,三四线,4,都市圈外围承接型候选城市,6,人工规则种子：位于主要都市圈或城市群外围，可能承接通勤、产业或外溢住房需求,low,normal,no,,第一版人工规则种子，后续需用人口、产业、库存、成交、租金和通勤数据校正
cn_city_ce1c9099,开封,河南,三四线,4,都市圈外围承接型候选城市,6,人工规则种子：位于主要都市圈或城市群外围，可能承接通勤、产业或外溢住房需求,low,normal,no,,第一版人工规则种子，后续需用人口、产业、库存、成交、租金和通勤数据校正
cn_city_a91dfbb3,新乡,河南,三四线,4,都市圈外围承接型候选城市,6,人工规则种子：位于主要都市圈或城市群外围，可能承接通勤、产业或外溢住房需求,low,normal,no,,第一版人工规则种子，后续需用人口、产业、库存、成交、租金和通勤数据校正
cn_city_bcb4dc17,焦作,河南,三四线,4,都市圈外围承接型候选城市,6,人工规则种子：位于主要都市圈或城市群外围，可能承接通勤、产业或外溢住房需求,low,normal,no,,第一版人工规则种子，后续需用人口、产业、库存、成交、租金和通勤数据校正
cn_city_5375e63f,许昌,河南,三四线,4,都市圈外围承接型候选城市,6,人工规则种子：位于主要都市圈或城市群外围，可能承接通勤、产业或外溢住房需求,low,normal,no,,第一版人工规则种子，后续需用人口、产业、库存、成交、租金和通勤数据校正
cn_city_b0d7fd52,湖州,浙江,三四线,4,都市圈外围承接型候选城市,6,人工规则种子：位于主要都市圈或城市群外围，可能承接通勤、产业或外溢住房需求,low,normal,no,,第一版人工规则种子，后续需用人口、产业、库存、成交、租金和通勤数据校正
cn_city_ae2b9f29,舟山,浙江,三四线,4,都市圈外围承接型候选城市,6,人工规则种子：位于主要都市圈或城市群外围，可能承接通勤、产业或外溢住房需求,low,normal,no,,第一版人工规则种子，后续需用人口、产业、库存、成交、租金和通勤数据校正
cn_city_b209b8cb,咸宁,湖北,三四线,4,都市圈外围承接型候选城市,6,人工规则种子：位于主要都市圈或城市群外围，可能承接通勤、产业或外溢住房需求,low,normal,no,,第一版人工规则种子，后续需用人口、产业、库存、成交、租金和通勤数据校正
cn_city_d1a68a97,孝感,湖北,三四线,4,都市圈外围承接型候选城市,6,人工规则种子：位于主要都市圈或城市群外围，可能承接通勤、产业或外溢住房需求,low,normal,no,,第一版人工规则种子，后续需用人口、产业、库存、成交、租金和通勤数据校正
cn_city_793d8eaa,鄂州,湖北,三四线,4,都市圈外围承接型候选城市,6,人工规则种子：位于主要都市圈或城市群外围，可能承接通勤、产业或外溢住房需求,low,normal,no,,第一版人工规则种子，后续需用人口、产业、库存、成交、租金和通勤数据校正
cn_city_87e3c113,黄冈,湖北,三四线,4,都市圈外围承接型候选城市,6,人工规则种子：位于主要都市圈或城市群外围，可能承接通勤、产业或外溢住房需求,low,normal,no,,第一版人工规则种子，后续需用人口、产业、库存、成交、租金和通勤数据校正
cn_city_bd561eba,黄石,湖北,三四线,4,都市圈外围承接型候选城市,6,人工规则种子：位于主要都市圈或城市群外围，可能承接通勤、产业或外溢住房需求,low,normal,no,,第一版人工规则种子，后续需用人口、产业、库存、成交、租金和通勤数据校正
cn_city_151c7f53,岳阳,湖南,三四线,4,都市圈外围承接型候选城市,6,人工规则种子：位于主要都市圈或城市群外围，可能承接通勤、产业或外溢住房需求,low,normal,no,,第一版人工规则种子，后续需用人口、产业、库存、成交、租金和通勤数据校正
cn_city_5b53318a,湘潭,湖南,三四线,4,都市圈外围承接型候选城市,6,人工规则种子：位于主要都市圈或城市群外围，可能承接通勤、产业或外溢住房需求,low,normal,no,,第一版人工规则种子，后续需用人口、产业、库存、成交、租金和通勤数据校正
cn_city_92ea0438,益阳,湖南,三四线,4,都市圈外围承接型候选城市,6,人工规则种子：位于主要都市圈或城市群外围，可能承接通勤、产业或外溢住房需求,low,normal,no,,第一版人工规则种子，后续需用人口、产业、库存、成交、租金和通勤数据校正
cn_city_eb5d58f3,漳州,福建,三四线,4,都市圈外围承接型候选城市,6,人工规则种子：位于主要都市圈或城市群外围，可能承接通勤、产业或外溢住房需求,low,normal,no,,第一版人工规则种子，后续需用人口、产业、库存、成交、租金和通勤数据校正
cn_city_42f088c6,莆田,福建,三四线,4,都市圈外围承接型候选城市,6,人工规则种子：位于主要都市圈或城市群外围，可能承接通勤、产业或外溢住房需求,low,normal,no,,第一版人工规则种子，后续需用人口、产业、库存、成交、租金和通勤数据校正
cn_city_deb71573,宝鸡,陕西,三四线,4,都市圈外围承接型候选城市,6,人工规则种子：位于主要都市圈或城市群外围，可能承接通勤、产业或外溢住房需求,low,normal,no,,第一版人工规则种子，后续需用人口、产业、库存、成交、租金和通勤数据校正
cn_city_4c02c40d,渭南,陕西,三四线,4,都市圈外围承接型候选城市,6,人工规则种子：位于主要都市圈或城市群外围，可能承接通勤、产业或外溢住房需求,low,normal,no,,第一版人工规则种子，后续需用人口、产业、库存、成交、租金和通勤数据校正
cn_city_d6c2713d,临沧,云南,三四线,4,普通三四线城市,7,默认种子：不在特殊城市、资源收缩候选或都市圈外围候选集合,low,normal,no,,第一版人工规则种子，后续需用人口、产业、库存、成交、租金和通勤数据校正
cn_city_87cbb7e5,丽江,云南,三四线,4,普通三四线城市,7,默认种子：不在特殊城市、资源收缩候选或都市圈外围候选集合,low,normal,no,,第一版人工规则种子，后续需用人口、产业、库存、成交、租金和通勤数据校正
cn_city_230ee29b,保山,云南,三四线,4,普通三四线城市,7,默认种子：不在特殊城市、资源收缩候选或都市圈外围候选集合,low,normal,no,,第一版人工规则种子，后续需用人口、产业、库存、成交、租金和通勤数据校正
cn_city_d3396422,昭通,云南,三四线,4,普通三四线城市,7,默认种子：不在特殊城市、资源收缩候选或都市圈外围候选集合,low,normal,no,,第一版人工规则种子，后续需用人口、产业、库存、成交、租金和通勤数据校正
cn_city_61ad2e84,普洱,云南,三四线,4,普通三四线城市,7,默认种子：不在特殊城市、资源收缩候选或都市圈外围候选集合,low,normal,no,,第一版人工规则种子，后续需用人口、产业、库存、成交、租金和通勤数据校正
cn_city_8282e4a8,曲靖,云南,三四线,4,普通三四线城市,7,默认种子：不在特殊城市、资源收缩候选或都市圈外围候选集合,low,normal,no,,第一版人工规则种子，后续需用人口、产业、库存、成交、租金和通勤数据校正
cn_city_4a746076,玉溪,云南,三四线,4,普通三四线城市,7,默认种子：不在特殊城市、资源收缩候选或都市圈外围候选集合,low,normal,no,,第一版人工规则种子，后续需用人口、产业、库存、成交、租金和通勤数据校正
cn_city_15dab5d7,乌兰察布,内蒙古,三四线,4,普通三四线城市,7,默认种子：不在特殊城市、资源收缩候选或都市圈外围候选集合,low,normal,no,,第一版人工规则种子，后续需用人口、产业、库存、成交、租金和通勤数据校正
cn_city_93a01f1a,呼伦贝尔,内蒙古,三四线,4,普通三四线城市,7,默认种子：不在特殊城市、资源收缩候选或都市圈外围候选集合,low,normal,no,,第一版人工规则种子，后续需用人口、产业、库存、成交、租金和通勤数据校正
cn_city_228c4cb1,巴彦淖尔,内蒙古,三四线,4,普通三四线城市,7,默认种子：不在特殊城市、资源收缩候选或都市圈外围候选集合,low,normal,no,,第一版人工规则种子，后续需用人口、产业、库存、成交、租金和通勤数据校正
cn_city_916e7829,赤峰,内蒙古,三四线,4,普通三四线城市,7,默认种子：不在特殊城市、资源收缩候选或都市圈外围候选集合,low,normal,no,,第一版人工规则种子，后续需用人口、产业、库存、成交、租金和通勤数据校正
cn_city_d3a5fe1f,通辽,内蒙古,三四线,4,普通三四线城市,7,默认种子：不在特殊城市、资源收缩候选或都市圈外围候选集合,low,normal,no,,第一版人工规则种子，后续需用人口、产业、库存、成交、租金和通勤数据校正
cn_city_6dd5e1e7,吉林,吉林,三四线,4,普通三四线城市,7,默认种子：不在特殊城市、资源收缩候选或都市圈外围候选集合,low,normal,no,,第一版人工规则种子，后续需用人口、产业、库存、成交、租金和通勤数据校正
cn_city_dc77cc69,四平,吉林,三四线,4,普通三四线城市,7,默认种子：不在特殊城市、资源收缩候选或都市圈外围候选集合,low,normal,no,,第一版人工规则种子，后续需用人口、产业、库存、成交、租金和通勤数据校正
cn_city_bdc0a8f6,松原,吉林,三四线,4,普通三四线城市,7,默认种子：不在特殊城市、资源收缩候选或都市圈外围候选集合,low,normal,no,,第一版人工规则种子，后续需用人口、产业、库存、成交、租金和通勤数据校正
cn_city_62a3000c,通化,吉林,三四线,4,普通三四线城市,7,默认种子：不在特殊城市、资源收缩候选或都市圈外围候选集合,low,normal,no,,第一版人工规则种子，后续需用人口、产业、库存、成交、租金和通勤数据校正
cn_city_12def1a2,乐山,四川,三四线,4,普通三四线城市,7,默认种子：不在特殊城市、资源收缩候选或都市圈外围候选集合,low,normal,no,,第一版人工规则种子，后续需用人口、产业、库存、成交、租金和通勤数据校正
cn_city_73543ac2,内江,四川,三四线,4,普通三四线城市,7,默认种子：不在特殊城市、资源收缩候选或都市圈外围候选集合,low,normal,no,,第一版人工规则种子，后续需用人口、产业、库存、成交、租金和通勤数据校正
cn_city_d43086c2,南充,四川,三四线,4,普通三四线城市,7,默认种子：不在特殊城市、资源收缩候选或都市圈外围候选集合,low,normal,no,,第一版人工规则种子，后续需用人口、产业、库存、成交、租金和通勤数据校正
cn_city_dd9eae2a,宜宾,四川,三四线,4,普通三四线城市,7,默认种子：不在特殊城市、资源收缩候选或都市圈外围候选集合,low,normal,no,,第一版人工规则种子，后续需用人口、产业、库存、成交、租金和通勤数据校正
cn_city_0790aa99,巴中,四川,三四线,4,普通三四线城市,7,默认种子：不在特殊城市、资源收缩候选或都市圈外围候选集合,low,normal,no,,第一版人工规则种子，后续需用人口、产业、库存、成交、租金和通勤数据校正
cn_city_c380b435,广元,四川,三四线,4,普通三四线城市,7,默认种子：不在特殊城市、资源收缩候选或都市圈外围候选集合,low,normal,no,,第一版人工规则种子，后续需用人口、产业、库存、成交、租金和通勤数据校正
cn_city_1e381329,自贡,四川,三四线,4,普通三四线城市,7,默认种子：不在特殊城市、资源收缩候选或都市圈外围候选集合,low,normal,no,,第一版人工规则种子，后续需用人口、产业、库存、成交、租金和通勤数据校正
cn_city_c47a1edd,达州,四川,三四线,4,普通三四线城市,7,默认种子：不在特殊城市、资源收缩候选或都市圈外围候选集合,low,normal,no,,第一版人工规则种子，后续需用人口、产业、库存、成交、租金和通勤数据校正
cn_city_e7c52f75,雅安,四川,三四线,4,普通三四线城市,7,默认种子：不在特殊城市、资源收缩候选或都市圈外围候选集合,low,normal,no,,第一版人工规则种子，后续需用人口、产业、库存、成交、租金和通勤数据校正
cn_city_7bd4f967,中卫,宁夏,三四线,4,普通三四线城市,7,默认种子：不在特殊城市、资源收缩候选或都市圈外围候选集合,low,normal,no,,第一版人工规则种子，后续需用人口、产业、库存、成交、租金和通勤数据校正
cn_city_a874405b,吴忠,宁夏,三四线,4,普通三四线城市,7,默认种子：不在特殊城市、资源收缩候选或都市圈外围候选集合,low,normal,no,,第一版人工规则种子，后续需用人口、产业、库存、成交、租金和通勤数据校正
cn_city_7b3a2423,固原,宁夏,三四线,4,普通三四线城市,7,默认种子：不在特殊城市、资源收缩候选或都市圈外围候选集合,low,normal,no,,第一版人工规则种子，后续需用人口、产业、库存、成交、租金和通勤数据校正
cn_city_c5cecaf0,石嘴山,宁夏,三四线,4,普通三四线城市,7,默认种子：不在特殊城市、资源收缩候选或都市圈外围候选集合,low,normal,no,,第一版人工规则种子，后续需用人口、产业、库存、成交、租金和通勤数据校正
cn_city_66f4a7e2,亳州,安徽,三四线,4,普通三四线城市,7,默认种子：不在特殊城市、资源收缩候选或都市圈外围候选集合,low,normal,no,,第一版人工规则种子，后续需用人口、产业、库存、成交、租金和通勤数据校正
cn_city_9bce5c1f,六安,安徽,三四线,4,普通三四线城市,7,默认种子：不在特殊城市、资源收缩候选或都市圈外围候选集合,low,normal,no,,第一版人工规则种子，后续需用人口、产业、库存、成交、租金和通勤数据校正
cn_city_5144e255,安庆,安徽,三四线,4,普通三四线城市,7,默认种子：不在特殊城市、资源收缩候选或都市圈外围候选集合,low,normal,no,,第一版人工规则种子，后续需用人口、产业、库存、成交、租金和通勤数据校正
cn_city_88951e24,宣城,安徽,三四线,4,普通三四线城市,7,默认种子：不在特殊城市、资源收缩候选或都市圈外围候选集合,low,normal,no,,第一版人工规则种子，后续需用人口、产业、库存、成交、租金和通勤数据校正
cn_city_2ac97194,宿州,安徽,三四线,4,普通三四线城市,7,默认种子：不在特殊城市、资源收缩候选或都市圈外围候选集合,low,normal,no,,第一版人工规则种子，后续需用人口、产业、库存、成交、租金和通勤数据校正
cn_city_a24c0c85,池州,安徽,三四线,4,普通三四线城市,7,默认种子：不在特殊城市、资源收缩候选或都市圈外围候选集合,low,normal,no,,第一版人工规则种子，后续需用人口、产业、库存、成交、租金和通勤数据校正
cn_city_3bd5a5fd,淮北,安徽,三四线,4,普通三四线城市,7,默认种子：不在特殊城市、资源收缩候选或都市圈外围候选集合,low,normal,no,,第一版人工规则种子，后续需用人口、产业、库存、成交、租金和通勤数据校正
cn_city_3f34d524,淮南,安徽,三四线,4,普通三四线城市,7,默认种子：不在特殊城市、资源收缩候选或都市圈外围候选集合,low,normal,no,,第一版人工规则种子，后续需用人口、产业、库存、成交、租金和通勤数据校正
cn_city_084e3574,滁州,安徽,三四线,4,普通三四线城市,7,默认种子：不在特殊城市、资源收缩候选或都市圈外围候选集合,low,normal,no,,第一版人工规则种子，后续需用人口、产业、库存、成交、租金和通勤数据校正
cn_city_5296828d,芜湖,安徽,三四线,4,普通三四线城市,7,默认种子：不在特殊城市、资源收缩候选或都市圈外围候选集合,low,normal,no,,第一版人工规则种子，后续需用人口、产业、库存、成交、租金和通勤数据校正
cn_city_157d6790,蚌埠,安徽,三四线,4,普通三四线城市,7,默认种子：不在特殊城市、资源收缩候选或都市圈外围候选集合,low,normal,no,,第一版人工规则种子，后续需用人口、产业、库存、成交、租金和通勤数据校正
cn_city_35e4e9f8,铜陵,安徽,三四线,4,普通三四线城市,7,默认种子：不在特殊城市、资源收缩候选或都市圈外围候选集合,low,normal,no,,第一版人工规则种子，后续需用人口、产业、库存、成交、租金和通勤数据校正
cn_city_a38d1f08,阜阳,安徽,三四线,4,普通三四线城市,7,默认种子：不在特殊城市、资源收缩候选或都市圈外围候选集合,low,normal,no,,第一版人工规则种子，后续需用人口、产业、库存、成交、租金和通勤数据校正
cn_city_aff6accc,马鞍山,安徽,三四线,4,普通三四线城市,7,默认种子：不在特殊城市、资源收缩候选或都市圈外围候选集合,low,normal,no,,第一版人工规则种子，后续需用人口、产业、库存、成交、租金和通勤数据校正
cn_city_259f9f3f,黄山,安徽,三四线,4,普通三四线城市,7,默认种子：不在特殊城市、资源收缩候选或都市圈外围候选集合,low,normal,no,,第一版人工规则种子，后续需用人口、产业、库存、成交、租金和通勤数据校正
cn_city_713c70fb,东营,山东,三四线,4,普通三四线城市,7,默认种子：不在特殊城市、资源收缩候选或都市圈外围候选集合,low,normal,no,,第一版人工规则种子，后续需用人口、产业、库存、成交、租金和通勤数据校正
cn_city_4e5ad9ed,威海,山东,三四线,4,普通三四线城市,7,默认种子：不在特殊城市、资源收缩候选或都市圈外围候选集合,low,normal,no,,第一版人工规则种子，后续需用人口、产业、库存、成交、租金和通勤数据校正
cn_city_4d21f754,德州,山东,三四线,4,普通三四线城市,7,默认种子：不在特殊城市、资源收缩候选或都市圈外围候选集合,low,normal,no,,第一版人工规则种子，后续需用人口、产业、库存、成交、租金和通勤数据校正
cn_city_277e5f27,日照,山东,三四线,4,普通三四线城市,7,默认种子：不在特殊城市、资源收缩候选或都市圈外围候选集合,low,normal,no,,第一版人工规则种子，后续需用人口、产业、库存、成交、租金和通勤数据校正
cn_city_7000a527,枣庄,山东,三四线,4,普通三四线城市,7,默认种子：不在特殊城市、资源收缩候选或都市圈外围候选集合,low,normal,no,,第一版人工规则种子，后续需用人口、产业、库存、成交、租金和通勤数据校正
cn_city_53abe5c7,泰安,山东,三四线,4,普通三四线城市,7,默认种子：不在特殊城市、资源收缩候选或都市圈外围候选集合,low,normal,no,,第一版人工规则种子，后续需用人口、产业、库存、成交、租金和通勤数据校正
cn_city_47bdd969,淄博,山东,三四线,4,普通三四线城市,7,默认种子：不在特殊城市、资源收缩候选或都市圈外围候选集合,low,normal,no,,第一版人工规则种子，后续需用人口、产业、库存、成交、租金和通勤数据校正
cn_city_3d84e666,滨州,山东,三四线,4,普通三四线城市,7,默认种子：不在特殊城市、资源收缩候选或都市圈外围候选集合,low,normal,no,,第一版人工规则种子，后续需用人口、产业、库存、成交、租金和通勤数据校正
cn_city_8c6190cc,聊城,山东,三四线,4,普通三四线城市,7,默认种子：不在特殊城市、资源收缩候选或都市圈外围候选集合,low,normal,no,,第一版人工规则种子，后续需用人口、产业、库存、成交、租金和通勤数据校正
cn_city_00869712,菏泽,山东,三四线,4,普通三四线城市,7,默认种子：不在特殊城市、资源收缩候选或都市圈外围候选集合,low,normal,no,,第一版人工规则种子，后续需用人口、产业、库存、成交、租金和通勤数据校正
cn_city_437ddf91,临汾,山西,三四线,4,普通三四线城市,7,默认种子：不在特殊城市、资源收缩候选或都市圈外围候选集合,low,normal,no,,第一版人工规则种子，后续需用人口、产业、库存、成交、租金和通勤数据校正
cn_city_6571f124,吕梁,山西,三四线,4,普通三四线城市,7,默认种子：不在特殊城市、资源收缩候选或都市圈外围候选集合,low,normal,no,,第一版人工规则种子，后续需用人口、产业、库存、成交、租金和通勤数据校正
cn_city_68ce6ba4,大同,山西,三四线,4,普通三四线城市,7,默认种子：不在特殊城市、资源收缩候选或都市圈外围候选集合,low,normal,no,,第一版人工规则种子，后续需用人口、产业、库存、成交、租金和通勤数据校正
cn_city_0ab8ff0f,忻州,山西,三四线,4,普通三四线城市,7,默认种子：不在特殊城市、资源收缩候选或都市圈外围候选集合,low,normal,no,,第一版人工规则种子，后续需用人口、产业、库存、成交、租金和通勤数据校正
cn_city_53245627,晋中,山西,三四线,4,普通三四线城市,7,默认种子：不在特殊城市、资源收缩候选或都市圈外围候选集合,low,normal,no,,第一版人工规则种子，后续需用人口、产业、库存、成交、租金和通勤数据校正
cn_city_1d443124,晋城,山西,三四线,4,普通三四线城市,7,默认种子：不在特殊城市、资源收缩候选或都市圈外围候选集合,low,normal,no,,第一版人工规则种子，后续需用人口、产业、库存、成交、租金和通勤数据校正
cn_city_a44f495a,运城,山西,三四线,4,普通三四线城市,7,默认种子：不在特殊城市、资源收缩候选或都市圈外围候选集合,low,normal,no,,第一版人工规则种子，后续需用人口、产业、库存、成交、租金和通勤数据校正
cn_city_78a21ea8,长治,山西,三四线,4,普通三四线城市,7,默认种子：不在特殊城市、资源收缩候选或都市圈外围候选集合,low,normal,no,,第一版人工规则种子，后续需用人口、产业、库存、成交、租金和通勤数据校正
cn_city_8ca738d3,云浮,广东,三四线,4,普通三四线城市,7,默认种子：不在特殊城市、资源收缩候选或都市圈外围候选集合,low,normal,no,,第一版人工规则种子，后续需用人口、产业、库存、成交、租金和通勤数据校正
cn_city_af317821,揭阳,广东,三四线,4,普通三四线城市,7,默认种子：不在特殊城市、资源收缩候选或都市圈外围候选集合,low,normal,no,,第一版人工规则种子，后续需用人口、产业、库存、成交、租金和通勤数据校正
cn_city_af52cc2b,梅州,广东,三四线,4,普通三四线城市,7,默认种子：不在特殊城市、资源收缩候选或都市圈外围候选集合,low,normal,no,,第一版人工规则种子，后续需用人口、产业、库存、成交、租金和通勤数据校正
cn_city_53160e65,汕尾,广东,三四线,4,普通三四线城市,7,默认种子：不在特殊城市、资源收缩候选或都市圈外围候选集合,low,normal,no,,第一版人工规则种子，后续需用人口、产业、库存、成交、租金和通勤数据校正
cn_city_f49ad788,河源,广东,三四线,4,普通三四线城市,7,默认种子：不在特殊城市、资源收缩候选或都市圈外围候选集合,low,normal,no,,第一版人工规则种子，后续需用人口、产业、库存、成交、租金和通勤数据校正
cn_city_ca604a6d,湛江,广东,三四线,4,普通三四线城市,7,默认种子：不在特殊城市、资源收缩候选或都市圈外围候选集合,low,normal,no,,第一版人工规则种子，后续需用人口、产业、库存、成交、租金和通勤数据校正
cn_city_c5f95ab5,潮州,广东,三四线,4,普通三四线城市,7,默认种子：不在特殊城市、资源收缩候选或都市圈外围候选集合,low,normal,no,,第一版人工规则种子，后续需用人口、产业、库存、成交、租金和通勤数据校正
cn_city_c746668d,茂名,广东,三四线,4,普通三四线城市,7,默认种子：不在特殊城市、资源收缩候选或都市圈外围候选集合,low,normal,no,,第一版人工规则种子，后续需用人口、产业、库存、成交、租金和通勤数据校正
cn_city_288b8dac,阳江,广东,三四线,4,普通三四线城市,7,默认种子：不在特殊城市、资源收缩候选或都市圈外围候选集合,low,normal,no,,第一版人工规则种子，后续需用人口、产业、库存、成交、租金和通勤数据校正
cn_city_71c0f1a6,韶关,广东,三四线,4,普通三四线城市,7,默认种子：不在特殊城市、资源收缩候选或都市圈外围候选集合,low,normal,no,,第一版人工规则种子，后续需用人口、产业、库存、成交、租金和通勤数据校正
cn_city_1e72cd41,北海,广西,三四线,4,普通三四线城市,7,默认种子：不在特殊城市、资源收缩候选或都市圈外围候选集合,low,normal,no,,第一版人工规则种子，后续需用人口、产业、库存、成交、租金和通勤数据校正
cn_city_3087e292,崇左,广西,三四线,4,普通三四线城市,7,默认种子：不在特殊城市、资源收缩候选或都市圈外围候选集合,low,normal,no,,第一版人工规则种子，后续需用人口、产业、库存、成交、租金和通勤数据校正
cn_city_e28a1acc,来宾,广西,三四线,4,普通三四线城市,7,默认种子：不在特殊城市、资源收缩候选或都市圈外围候选集合,low,normal,no,,第一版人工规则种子，后续需用人口、产业、库存、成交、租金和通勤数据校正
cn_city_abf687e2,梧州,广西,三四线,4,普通三四线城市,7,默认种子：不在特殊城市、资源收缩候选或都市圈外围候选集合,low,normal,no,,第一版人工规则种子，后续需用人口、产业、库存、成交、租金和通勤数据校正
cn_city_0fcc2d79,河池,广西,三四线,4,普通三四线城市,7,默认种子：不在特殊城市、资源收缩候选或都市圈外围候选集合,low,normal,no,,第一版人工规则种子，后续需用人口、产业、库存、成交、租金和通勤数据校正
cn_city_b78554e5,玉林,广西,三四线,4,普通三四线城市,7,默认种子：不在特殊城市、资源收缩候选或都市圈外围候选集合,low,normal,no,,第一版人工规则种子，后续需用人口、产业、库存、成交、租金和通勤数据校正
cn_city_4bf3ea47,百色,广西,三四线,4,普通三四线城市,7,默认种子：不在特殊城市、资源收缩候选或都市圈外围候选集合,low,normal,no,,第一版人工规则种子，后续需用人口、产业、库存、成交、租金和通勤数据校正
cn_city_46b186b2,贵港,广西,三四线,4,普通三四线城市,7,默认种子：不在特殊城市、资源收缩候选或都市圈外围候选集合,low,normal,no,,第一版人工规则种子，后续需用人口、产业、库存、成交、租金和通勤数据校正
cn_city_9c04d8fd,贺州,广西,三四线,4,普通三四线城市,7,默认种子：不在特殊城市、资源收缩候选或都市圈外围候选集合,low,normal,no,,第一版人工规则种子，后续需用人口、产业、库存、成交、租金和通勤数据校正
cn_city_e40bb126,钦州,广西,三四线,4,普通三四线城市,7,默认种子：不在特殊城市、资源收缩候选或都市圈外围候选集合,low,normal,no,,第一版人工规则种子，后续需用人口、产业、库存、成交、租金和通勤数据校正
cn_city_d8a19599,防城港,广西,三四线,4,普通三四线城市,7,默认种子：不在特殊城市、资源收缩候选或都市圈外围候选集合,low,normal,no,,第一版人工规则种子，后续需用人口、产业、库存、成交、租金和通勤数据校正
cn_city_df89ef7f,吐鲁番,新疆,三四线,4,普通三四线城市,7,默认种子：不在特殊城市、资源收缩候选或都市圈外围候选集合,low,normal,no,,第一版人工规则种子，后续需用人口、产业、库存、成交、租金和通勤数据校正
cn_city_b8fffeef,宿迁,江苏,三四线,4,普通三四线城市,7,默认种子：不在特殊城市、资源收缩候选或都市圈外围候选集合,low,normal,no,,第一版人工规则种子，后续需用人口、产业、库存、成交、租金和通勤数据校正
cn_city_1cac19bc,连云港,江苏,三四线,4,普通三四线城市,7,默认种子：不在特殊城市、资源收缩候选或都市圈外围候选集合,low,normal,no,,第一版人工规则种子，后续需用人口、产业、库存、成交、租金和通勤数据校正
cn_city_d9607b63,上饶,江西,三四线,4,普通三四线城市,7,默认种子：不在特殊城市、资源收缩候选或都市圈外围候选集合,low,normal,no,,第一版人工规则种子，后续需用人口、产业、库存、成交、租金和通勤数据校正
cn_city_1b4b744c,九江,江西,三四线,4,普通三四线城市,7,默认种子：不在特殊城市、资源收缩候选或都市圈外围候选集合,low,normal,no,,第一版人工规则种子，后续需用人口、产业、库存、成交、租金和通勤数据校正
cn_city_004fdd2f,吉安,江西,三四线,4,普通三四线城市,7,默认种子：不在特殊城市、资源收缩候选或都市圈外围候选集合,low,normal,no,,第一版人工规则种子，后续需用人口、产业、库存、成交、租金和通勤数据校正
cn_city_337df43f,宜春,江西,三四线,4,普通三四线城市,7,默认种子：不在特殊城市、资源收缩候选或都市圈外围候选集合,low,normal,no,,第一版人工规则种子，后续需用人口、产业、库存、成交、租金和通勤数据校正
cn_city_dfe4adaf,抚州,江西,三四线,4,普通三四线城市,7,默认种子：不在特殊城市、资源收缩候选或都市圈外围候选集合,low,normal,no,,第一版人工规则种子，后续需用人口、产业、库存、成交、租金和通勤数据校正
cn_city_ed26e10a,新余,江西,三四线,4,普通三四线城市,7,默认种子：不在特殊城市、资源收缩候选或都市圈外围候选集合,low,normal,no,,第一版人工规则种子，后续需用人口、产业、库存、成交、租金和通勤数据校正
cn_city_e054b3cf,景德镇,江西,三四线,4,普通三四线城市,7,默认种子：不在特殊城市、资源收缩候选或都市圈外围候选集合,low,normal,no,,第一版人工规则种子，后续需用人口、产业、库存、成交、租金和通勤数据校正
cn_city_3fdbcf16,萍乡,江西,三四线,4,普通三四线城市,7,默认种子：不在特殊城市、资源收缩候选或都市圈外围候选集合,low,normal,no,,第一版人工规则种子，后续需用人口、产业、库存、成交、租金和通勤数据校正
cn_city_4adc70c9,赣州,江西,三四线,4,普通三四线城市,7,默认种子：不在特殊城市、资源收缩候选或都市圈外围候选集合,low,normal,no,,第一版人工规则种子，后续需用人口、产业、库存、成交、租金和通勤数据校正
cn_city_170b90a4,鹰潭,江西,三四线,4,普通三四线城市,7,默认种子：不在特殊城市、资源收缩候选或都市圈外围候选集合,low,normal,no,,第一版人工规则种子，后续需用人口、产业、库存、成交、租金和通勤数据校正
cn_city_da598f63,衡水,河北,三四线,4,普通三四线城市,7,默认种子：不在特殊城市、资源收缩候选或都市圈外围候选集合,low,normal,no,,第一版人工规则种子，后续需用人口、产业、库存、成交、租金和通勤数据校正
cn_city_431fa14c,邢台,河北,三四线,4,普通三四线城市,7,默认种子：不在特殊城市、资源收缩候选或都市圈外围候选集合,low,normal,no,,第一版人工规则种子，后续需用人口、产业、库存、成交、租金和通勤数据校正
cn_city_556760ec,邯郸,河北,三四线,4,普通三四线城市,7,默认种子：不在特殊城市、资源收缩候选或都市圈外围候选集合,low,normal,no,,第一版人工规则种子，后续需用人口、产业、库存、成交、租金和通勤数据校正
cn_city_7c7c9ac7,三门峡,河南,三四线,4,普通三四线城市,7,默认种子：不在特殊城市、资源收缩候选或都市圈外围候选集合,low,normal,no,,第一版人工规则种子，后续需用人口、产业、库存、成交、租金和通勤数据校正
cn_city_2d9b3512,信阳,河南,三四线,4,普通三四线城市,7,默认种子：不在特殊城市、资源收缩候选或都市圈外围候选集合,low,normal,no,,第一版人工规则种子，后续需用人口、产业、库存、成交、租金和通勤数据校正
cn_city_a3b00074,南阳,河南,三四线,4,普通三四线城市,7,默认种子：不在特殊城市、资源收缩候选或都市圈外围候选集合,low,normal,no,,第一版人工规则种子，后续需用人口、产业、库存、成交、租金和通勤数据校正
cn_city_52bbf233,周口,河南,三四线,4,普通三四线城市,7,默认种子：不在特殊城市、资源收缩候选或都市圈外围候选集合,low,normal,no,,第一版人工规则种子，后续需用人口、产业、库存、成交、租金和通勤数据校正
cn_city_402ca02e,商丘,河南,三四线,4,普通三四线城市,7,默认种子：不在特殊城市、资源收缩候选或都市圈外围候选集合,low,normal,no,,第一版人工规则种子，后续需用人口、产业、库存、成交、租金和通勤数据校正
cn_city_645e9912,安阳,河南,三四线,4,普通三四线城市,7,默认种子：不在特殊城市、资源收缩候选或都市圈外围候选集合,low,normal,no,,第一版人工规则种子，后续需用人口、产业、库存、成交、租金和通勤数据校正
cn_city_5377260e,漯河,河南,三四线,4,普通三四线城市,7,默认种子：不在特殊城市、资源收缩候选或都市圈外围候选集合,low,normal,no,,第一版人工规则种子，后续需用人口、产业、库存、成交、租金和通勤数据校正
cn_city_a75f1acc,濮阳,河南,三四线,4,普通三四线城市,7,默认种子：不在特殊城市、资源收缩候选或都市圈外围候选集合,low,normal,no,,第一版人工规则种子，后续需用人口、产业、库存、成交、租金和通勤数据校正
cn_city_beac6e1f,驻马店,河南,三四线,4,普通三四线城市,7,默认种子：不在特殊城市、资源收缩候选或都市圈外围候选集合,low,normal,no,,第一版人工规则种子，后续需用人口、产业、库存、成交、租金和通勤数据校正
cn_city_9d4142e5,鹤壁,河南,三四线,4,普通三四线城市,7,默认种子：不在特殊城市、资源收缩候选或都市圈外围候选集合,low,normal,no,,第一版人工规则种子，后续需用人口、产业、库存、成交、租金和通勤数据校正
cn_city_0ceabedd,丽水,浙江,三四线,4,普通三四线城市,7,默认种子：不在特殊城市、资源收缩候选或都市圈外围候选集合,low,normal,no,,第一版人工规则种子，后续需用人口、产业、库存、成交、租金和通勤数据校正
cn_city_3863293a,衢州,浙江,三四线,4,普通三四线城市,7,默认种子：不在特殊城市、资源收缩候选或都市圈外围候选集合,low,normal,no,,第一版人工规则种子，后续需用人口、产业、库存、成交、租金和通勤数据校正
cn_city_3ba4e8e2,三亚,海南,三四线,4,普通三四线城市,7,默认种子：不在特殊城市、资源收缩候选或都市圈外围候选集合,low,normal,no,,第一版人工规则种子，后续需用人口、产业、库存、成交、租金和通勤数据校正
cn_city_721fa990,儋州,海南,三四线,4,普通三四线城市,7,默认种子：不在特殊城市、资源收缩候选或都市圈外围候选集合,low,normal,no,,第一版人工规则种子，后续需用人口、产业、库存、成交、租金和通勤数据校正
cn_city_02c32e84,十堰,湖北,三四线,4,普通三四线城市,7,默认种子：不在特殊城市、资源收缩候选或都市圈外围候选集合,low,normal,no,,第一版人工规则种子，后续需用人口、产业、库存、成交、租金和通勤数据校正
cn_city_e2262a37,荆州,湖北,三四线,4,普通三四线城市,7,默认种子：不在特殊城市、资源收缩候选或都市圈外围候选集合,low,normal,no,,第一版人工规则种子，后续需用人口、产业、库存、成交、租金和通勤数据校正
cn_city_fb5e507d,荆门,湖北,三四线,4,普通三四线城市,7,默认种子：不在特殊城市、资源收缩候选或都市圈外围候选集合,low,normal,no,,第一版人工规则种子，后续需用人口、产业、库存、成交、租金和通勤数据校正
cn_city_9557ba20,随州,湖北,三四线,4,普通三四线城市,7,默认种子：不在特殊城市、资源收缩候选或都市圈外围候选集合,low,normal,no,,第一版人工规则种子，后续需用人口、产业、库存、成交、租金和通勤数据校正
cn_city_4ad059df,娄底,湖南,三四线,4,普通三四线城市,7,默认种子：不在特殊城市、资源收缩候选或都市圈外围候选集合,low,normal,no,,第一版人工规则种子，后续需用人口、产业、库存、成交、租金和通勤数据校正
cn_city_b0ce10bf,常德,湖南,三四线,4,普通三四线城市,7,默认种子：不在特殊城市、资源收缩候选或都市圈外围候选集合,low,normal,no,,第一版人工规则种子，后续需用人口、产业、库存、成交、租金和通勤数据校正
cn_city_ad6bb228,张家界,湖南,三四线,4,普通三四线城市,7,默认种子：不在特殊城市、资源收缩候选或都市圈外围候选集合,low,normal,no,,第一版人工规则种子，后续需用人口、产业、库存、成交、租金和通勤数据校正
cn_city_fe13f390,怀化,湖南,三四线,4,普通三四线城市,7,默认种子：不在特殊城市、资源收缩候选或都市圈外围候选集合,low,normal,no,,第一版人工规则种子，后续需用人口、产业、库存、成交、租金和通勤数据校正
cn_city_31420624,永州,湖南,三四线,4,普通三四线城市,7,默认种子：不在特殊城市、资源收缩候选或都市圈外围候选集合,low,normal,no,,第一版人工规则种子，后续需用人口、产业、库存、成交、租金和通勤数据校正
cn_city_e8a4c9e4,衡阳,湖南,三四线,4,普通三四线城市,7,默认种子：不在特殊城市、资源收缩候选或都市圈外围候选集合,low,normal,no,,第一版人工规则种子，后续需用人口、产业、库存、成交、租金和通勤数据校正
cn_city_d9c6f967,邵阳,湖南,三四线,4,普通三四线城市,7,默认种子：不在特殊城市、资源收缩候选或都市圈外围候选集合,low,normal,no,,第一版人工规则种子，后续需用人口、产业、库存、成交、租金和通勤数据校正
cn_city_1683f4a6,郴州,湖南,三四线,4,普通三四线城市,7,默认种子：不在特殊城市、资源收缩候选或都市圈外围候选集合,low,normal,no,,第一版人工规则种子，后续需用人口、产业、库存、成交、租金和通勤数据校正
cn_city_7cde2121,天水,甘肃,三四线,4,普通三四线城市,7,默认种子：不在特殊城市、资源收缩候选或都市圈外围候选集合,low,normal,no,,第一版人工规则种子，后续需用人口、产业、库存、成交、租金和通勤数据校正
cn_city_8a806ede,定西,甘肃,三四线,4,普通三四线城市,7,默认种子：不在特殊城市、资源收缩候选或都市圈外围候选集合,low,normal,no,,第一版人工规则种子，后续需用人口、产业、库存、成交、租金和通勤数据校正
cn_city_5ca57a14,平凉,甘肃,三四线,4,普通三四线城市,7,默认种子：不在特殊城市、资源收缩候选或都市圈外围候选集合,low,normal,no,,第一版人工规则种子，后续需用人口、产业、库存、成交、租金和通勤数据校正
cn_city_8fee108b,庆阳,甘肃,三四线,4,普通三四线城市,7,默认种子：不在特殊城市、资源收缩候选或都市圈外围候选集合,low,normal,no,,第一版人工规则种子，后续需用人口、产业、库存、成交、租金和通勤数据校正
cn_city_555d2b05,张掖,甘肃,三四线,4,普通三四线城市,7,默认种子：不在特殊城市、资源收缩候选或都市圈外围候选集合,low,normal,no,,第一版人工规则种子，后续需用人口、产业、库存、成交、租金和通勤数据校正
cn_city_25fcb9eb,武威,甘肃,三四线,4,普通三四线城市,7,默认种子：不在特殊城市、资源收缩候选或都市圈外围候选集合,low,normal,no,,第一版人工规则种子，后续需用人口、产业、库存、成交、租金和通勤数据校正
cn_city_1cffe2b7,白银,甘肃,三四线,4,普通三四线城市,7,默认种子：不在特殊城市、资源收缩候选或都市圈外围候选集合,low,normal,no,,第一版人工规则种子，后续需用人口、产业、库存、成交、租金和通勤数据校正
cn_city_5777f499,酒泉,甘肃,三四线,4,普通三四线城市,7,默认种子：不在特殊城市、资源收缩候选或都市圈外围候选集合,low,normal,no,,第一版人工规则种子，后续需用人口、产业、库存、成交、租金和通勤数据校正
cn_city_ca1f028c,陇南,甘肃,三四线,4,普通三四线城市,7,默认种子：不在特殊城市、资源收缩候选或都市圈外围候选集合,low,normal,no,,第一版人工规则种子，后续需用人口、产业、库存、成交、租金和通勤数据校正
cn_city_846450df,三明,福建,三四线,4,普通三四线城市,7,默认种子：不在特殊城市、资源收缩候选或都市圈外围候选集合,low,normal,no,,第一版人工规则种子，后续需用人口、产业、库存、成交、租金和通勤数据校正
cn_city_0b78b4d5,南平,福建,三四线,4,普通三四线城市,7,默认种子：不在特殊城市、资源收缩候选或都市圈外围候选集合,low,normal,no,,第一版人工规则种子，后续需用人口、产业、库存、成交、租金和通勤数据校正
cn_city_7a8240b9,宁德,福建,三四线,4,普通三四线城市,7,默认种子：不在特殊城市、资源收缩候选或都市圈外围候选集合,low,normal,no,,第一版人工规则种子，后续需用人口、产业、库存、成交、租金和通勤数据校正
cn_city_7b55c863,龙岩,福建,三四线,4,普通三四线城市,7,默认种子：不在特殊城市、资源收缩候选或都市圈外围候选集合,low,normal,no,,第一版人工规则种子，后续需用人口、产业、库存、成交、租金和通勤数据校正
cn_city_56b1ade1,山南,西藏,三四线,4,普通三四线城市,7,默认种子：不在特殊城市、资源收缩候选或都市圈外围候选集合,low,normal,no,,第一版人工规则种子，后续需用人口、产业、库存、成交、租金和通勤数据校正
cn_city_aa1efeb1,日喀则,西藏,三四线,4,普通三四线城市,7,默认种子：不在特殊城市、资源收缩候选或都市圈外围候选集合,low,normal,no,,第一版人工规则种子，后续需用人口、产业、库存、成交、租金和通勤数据校正
cn_city_0142ebdd,昌都,西藏,三四线,4,普通三四线城市,7,默认种子：不在特殊城市、资源收缩候选或都市圈外围候选集合,low,normal,no,,第一版人工规则种子，后续需用人口、产业、库存、成交、租金和通勤数据校正
cn_city_40454168,林芝,西藏,三四线,4,普通三四线城市,7,默认种子：不在特殊城市、资源收缩候选或都市圈外围候选集合,low,normal,no,,第一版人工规则种子，后续需用人口、产业、库存、成交、租金和通勤数据校正
cn_city_5659bb1e,六盘水,贵州,三四线,4,普通三四线城市,7,默认种子：不在特殊城市、资源收缩候选或都市圈外围候选集合,low,normal,no,,第一版人工规则种子，后续需用人口、产业、库存、成交、租金和通勤数据校正
cn_city_e23a3aa5,安顺,贵州,三四线,4,普通三四线城市,7,默认种子：不在特殊城市、资源收缩候选或都市圈外围候选集合,low,normal,no,,第一版人工规则种子，后续需用人口、产业、库存、成交、租金和通勤数据校正
cn_city_3914b67f,毕节,贵州,三四线,4,普通三四线城市,7,默认种子：不在特殊城市、资源收缩候选或都市圈外围候选集合,low,normal,no,,第一版人工规则种子，后续需用人口、产业、库存、成交、租金和通勤数据校正
cn_city_4a52c84b,铜仁,贵州,三四线,4,普通三四线城市,7,默认种子：不在特殊城市、资源收缩候选或都市圈外围候选集合,low,normal,no,,第一版人工规则种子，后续需用人口、产业、库存、成交、租金和通勤数据校正
cn_city_e69e3ddc,丹东,辽宁,三四线,4,普通三四线城市,7,默认种子：不在特殊城市、资源收缩候选或都市圈外围候选集合,low,normal,no,,第一版人工规则种子，后续需用人口、产业、库存、成交、租金和通勤数据校正
cn_city_44c66238,朝阳,辽宁,三四线,4,普通三四线城市,7,默认种子：不在特殊城市、资源收缩候选或都市圈外围候选集合,low,normal,no,,第一版人工规则种子，后续需用人口、产业、库存、成交、租金和通勤数据校正
cn_city_4e4fa7a5,盘锦,辽宁,三四线,4,普通三四线城市,7,默认种子：不在特殊城市、资源收缩候选或都市圈外围候选集合,low,normal,no,,第一版人工规则种子，后续需用人口、产业、库存、成交、租金和通勤数据校正
cn_city_f906584f,营口,辽宁,三四线,4,普通三四线城市,7,默认种子：不在特殊城市、资源收缩候选或都市圈外围候选集合,low,normal,no,,第一版人工规则种子，后续需用人口、产业、库存、成交、租金和通勤数据校正
cn_city_0199fdcf,葫芦岛,辽宁,三四线,4,普通三四线城市,7,默认种子：不在特殊城市、资源收缩候选或都市圈外围候选集合,low,normal,no,,第一版人工规则种子，后续需用人口、产业、库存、成交、租金和通勤数据校正
cn_city_7e7910f4,辽阳,辽宁,三四线,4,普通三四线城市,7,默认种子：不在特殊城市、资源收缩候选或都市圈外围候选集合,low,normal,no,,第一版人工规则种子，后续需用人口、产业、库存、成交、租金和通勤数据校正
cn_city_abc99baa,铁岭,辽宁,三四线,4,普通三四线城市,7,默认种子：不在特殊城市、资源收缩候选或都市圈外围候选集合,low,normal,no,,第一版人工规则种子，后续需用人口、产业、库存、成交、租金和通勤数据校正
cn_city_1b56027a,锦州,辽宁,三四线,4,普通三四线城市,7,默认种子：不在特殊城市、资源收缩候选或都市圈外围候选集合,low,normal,no,,第一版人工规则种子，后续需用人口、产业、库存、成交、租金和通勤数据校正
cn_city_0b4b3c74,鞍山,辽宁,三四线,4,普通三四线城市,7,默认种子：不在特殊城市、资源收缩候选或都市圈外围候选集合,low,normal,no,,第一版人工规则种子，后续需用人口、产业、库存、成交、租金和通勤数据校正
cn_city_e3371541,商洛,陕西,三四线,4,普通三四线城市,7,默认种子：不在特殊城市、资源收缩候选或都市圈外围候选集合,low,normal,no,,第一版人工规则种子，后续需用人口、产业、库存、成交、租金和通勤数据校正
cn_city_e3666c4d,安康,陕西,三四线,4,普通三四线城市,7,默认种子：不在特殊城市、资源收缩候选或都市圈外围候选集合,low,normal,no,,第一版人工规则种子，后续需用人口、产业、库存、成交、租金和通勤数据校正
cn_city_1d492216,延安,陕西,三四线,4,普通三四线城市,7,默认种子：不在特殊城市、资源收缩候选或都市圈外围候选集合,low,normal,no,,第一版人工规则种子，后续需用人口、产业、库存、成交、租金和通勤数据校正
cn_city_7faefad1,汉中,陕西,三四线,4,普通三四线城市,7,默认种子：不在特殊城市、资源收缩候选或都市圈外围候选集合,low,normal,no,,第一版人工规则种子，后续需用人口、产业、库存、成交、租金和通勤数据校正
cn_city_ec42d8d8,海东,青海,三四线,4,普通三四线城市,7,默认种子：不在特殊城市、资源收缩候选或都市圈外围候选集合,low,normal,no,,第一版人工规则种子，后续需用人口、产业、库存、成交、租金和通勤数据校正
cn_city_29301a91,佳木斯,黑龙江,三四线,4,普通三四线城市,7,默认种子：不在特殊城市、资源收缩候选或都市圈外围候选集合,low,normal,no,,第一版人工规则种子，后续需用人口、产业、库存、成交、租金和通勤数据校正
cn_city_7b6c70e4,牡丹江,黑龙江,三四线,4,普通三四线城市,7,默认种子：不在特殊城市、资源收缩候选或都市圈外围候选集合,low,normal,no,,第一版人工规则种子，后续需用人口、产业、库存、成交、租金和通勤数据校正
cn_city_2e78b0cb,绥化,黑龙江,三四线,4,普通三四线城市,7,默认种子：不在特殊城市、资源收缩候选或都市圈外围候选集合,low,normal,no,,第一版人工规则种子，后续需用人口、产业、库存、成交、租金和通勤数据校正
cn_city_ee6f53e3,黑河,黑龙江,三四线,4,普通三四线城市,7,默认种子：不在特殊城市、资源收缩候选或都市圈外围候选集合,low,normal,no,,第一版人工规则种子，后续需用人口、产业、库存、成交、租金和通勤数据校正
cn_city_3f51ff9e,齐齐哈尔,黑龙江,三四线,4,普通三四线城市,7,默认种子：不在特殊城市、资源收缩候选或都市圈外围候选集合,low,normal,no,,第一版人工规则种子，后续需用人口、产业、库存、成交、租金和通勤数据校正
