city_key,city_name,province,raw_city_variants,province_variants,city_level,workbook_count,coverage_status,workbooks_missing,has_zero_width_chars,admin_status,needs_manual_review,review_reason,notes
cn_city_18026d37,上海,上海,上海,上海;中国,直辖市,7,complete,,no,normal,no,,
cn_city_d6c2713d,临沧,云南,临沧;临沧市,中国;云南,地级市,7,complete,,no,normal,no,,原始城市名存在多个写法
cn_city_87cbb7e5,丽江,云南,丽江;丽江市,中国;云南,地级市,7,complete,,no,normal,no,,原始城市名存在多个写法
cn_city_230ee29b,保山,云南,保山;保山市,中国;云南,地级市,7,complete,,no,normal,no,,原始城市名存在多个写法
cn_city_0c0f4817,昆明,云南,昆明;昆明市,中国;云南,地级市,7,complete,,no,normal,no,,原始城市名存在多个写法
cn_city_d3396422,昭通,云南,昭通;昭通市,中国;云南,地级市,7,complete,,no,normal,no,,原始城市名存在多个写法
cn_city_61ad2e84,普洱,云南,普洱;普洱市,中国;云南,地级市,7,complete,,no,normal,no,,原始城市名存在多个写法
cn_city_8282e4a8,曲靖,云南,曲靖;曲靖市,中国;云南,地级市,7,complete,,no,normal,no,,原始城市名存在多个写法
cn_city_4a746076,玉溪,云南,玉溪;玉溪市,中国;云南,地级市,7,complete,,no,normal,no,,原始城市名存在多个写法
cn_city_15dab5d7,乌兰察布,内蒙古,乌兰察布;乌兰察布市,中国;内蒙古,地级市,7,complete,,no,normal,no,,原始城市名存在多个写法
cn_city_6f515078,乌海,内蒙古,乌海;乌海市,中国;内蒙古,地级市,7,complete,,no,normal,no,,原始城市名存在多个写法
cn_city_cd63eba5,包头,内蒙古,包头;包头市,中国;内蒙古,地级市,7,complete,,no,normal,no,,原始城市名存在多个写法
cn_city_93a01f1a,呼伦贝尔,内蒙古,呼伦贝尔;呼伦贝尔市,中国;内蒙古,地级市,7,complete,,no,normal,no,,原始城市名存在多个写法
cn_city_f5ac800c,呼和浩特,内蒙古,呼和浩特;呼和浩特市,中国;内蒙古,地级市,7,complete,,no,normal,no,,原始城市名存在多个写法
cn_city_228c4cb1,巴彦淖尔,内蒙古,巴彦淖尔;巴彦淖尔市,中国;内蒙古,地级市,7,complete,,no,normal,no,,原始城市名存在多个写法
cn_city_916e7829,赤峰,内蒙古,赤峰;赤峰市,中国;内蒙古,地级市,7,complete,,no,normal,no,,原始城市名存在多个写法
cn_city_d3a5fe1f,通辽,内蒙古,通辽;通辽市,中国;内蒙古,地级市,7,complete,,no,normal,no,,原始城市名存在多个写法
cn_city_1b5d5f85,鄂尔多斯,内蒙古,鄂尔多斯;鄂尔多斯市,中国;内蒙古,地级市,7,complete,,no,normal,no,,原始城市名存在多个写法
cn_city_f3d7bea6,北京,北京,北京,中国;北京,直辖市,7,complete,,no,normal,no,,
cn_city_6dd5e1e7,吉林,吉林,吉林;吉林市,中国;吉林,地级市,7,complete,,no,normal,no,,原始城市名存在多个写法
cn_city_dc77cc69,四平,吉林,四平;四平市,中国;吉林,地级市,7,complete,,no,normal,no,,原始城市名存在多个写法
cn_city_bdc0a8f6,松原,吉林,松原;松原市,中国;吉林,地级市,7,complete,,no,normal,no,,原始城市名存在多个写法
cn_city_7847082f,白城,吉林,白城;白城市,中国;吉林,地级市,7,complete,,no,normal,no,,原始城市名存在多个写法
cn_city_d4194d9b,白山,吉林,白山;白山市,中国;吉林,地级市,7,complete,,no,normal,no,,原始城市名存在多个写法
cn_city_8350d559,辽源,吉林,辽源;辽源市,中国;吉林,地级市,7,complete,,no,normal,no,,原始城市名存在多个写法
cn_city_62a3000c,通化,吉林,通化;通化市,中国;吉林,地级市,7,complete,,no,normal,no,,原始城市名存在多个写法
cn_city_bed05747,长春,吉林,长春;长春市,中国;吉林,地级市,7,complete,,no,normal,no,,原始城市名存在多个写法
cn_city_12def1a2,乐山,四川,乐山;乐山市,中国;四川,地级市,7,complete,,no,normal,no,,原始城市名存在多个写法
cn_city_73543ac2,内江,四川,内江;内江市,中国;四川,地级市,7,complete,,no,normal,no,,原始城市名存在多个写法
cn_city_d43086c2,南充,四川,南充;南充市,中国;四川,地级市,7,complete,,no,normal,no,,原始城市名存在多个写法
cn_city_dd9eae2a,宜宾,四川,宜宾;宜宾市,中国;四川,地级市,7,complete,,no,normal,no,,原始城市名存在多个写法
cn_city_0790aa99,巴中,四川,巴中;巴中市,中国;四川,地级市,7,complete,,no,normal,no,,原始城市名存在多个写法
cn_city_c380b435,广元,四川,广元;广元市,中国;四川,地级市,7,complete,,no,normal,no,,原始城市名存在多个写法
cn_city_0996b803,广安,四川,广安;广安市,中国;四川,地级市,7,complete,,no,normal,no,,原始城市名存在多个写法
cn_city_6a4925f7,德阳,四川,德阳;德阳市,中国;四川,地级市,7,complete,,no,normal,no,,原始城市名存在多个写法
cn_city_d5d37f5f,成都,四川,成都;成都市,中国;四川,地级市,7,complete,,no,normal,no,,原始城市名存在多个写法
cn_city_a56dd4ce,攀枝花,四川,攀枝花;攀枝花市,中国;四川,地级市,7,complete,,no,normal,no,,原始城市名存在多个写法
cn_city_1fdeb6e9,泸州,四川,泸州;泸州市,中国;四川,地级市,7,complete,,no,normal,no,,原始城市名存在多个写法
cn_city_1ad95d43,眉山,四川,眉山;眉山市,中国;四川,地级市,7,complete,,no,normal,no,,原始城市名存在多个写法
cn_city_b464f477,绵阳,四川,绵阳;绵阳市,中国;四川,地级市,7,complete,,no,normal,no,,原始城市名存在多个写法
cn_city_1e381329,自贡,四川,自贡;自贡市,中国;四川,地级市,7,complete,,no,normal,no,,原始城市名存在多个写法
cn_city_625158c5,资阳,四川,资阳;资阳市,中国;四川,地级市,7,complete,,no,normal,no,,原始城市名存在多个写法
cn_city_c47a1edd,达州,四川,达州;达州市,中国;四川,地级市,7,complete,,no,normal,no,,原始城市名存在多个写法
cn_city_1a02c167,遂宁,四川,遂宁;遂宁市,中国;四川,地级市,7,complete,,no,normal,no,,原始城市名存在多个写法
cn_city_e7c52f75,雅安,四川,雅安;雅安市,中国;四川,地级市,7,complete,,no,normal,no,,原始城市名存在多个写法
cn_city_6ab6de26,天津,天津,天津,中国;天津,直辖市,7,complete,,no,normal,no,,
cn_city_7bd4f967,中卫,宁夏,中卫;中卫市,中国;宁夏,地级市,7,complete,,no,normal,no,,原始城市名存在多个写法
cn_city_a874405b,吴忠,宁夏,吴忠;吴忠市,中国;宁夏,地级市,7,complete,,no,normal,no,,原始城市名存在多个写法
cn_city_7b3a2423,固原,宁夏,固原;固原市,中国;宁夏,地级市,7,complete,,no,normal,no,,原始城市名存在多个写法
cn_city_c5cecaf0,石嘴山,宁夏,石嘴山;石嘴山市,中国;宁夏,地级市,7,complete,,no,normal,no,,原始城市名存在多个写法
cn_city_30d568c1,银川,宁夏,银川;银川市,中国;宁夏,地级市,7,complete,,no,normal,no,,原始城市名存在多个写法
cn_city_66f4a7e2,亳州,安徽,亳州;亳州市,中国;安徽,地级市,7,complete,,no,normal,no,,原始城市名存在多个写法
cn_city_9bce5c1f,六安,安徽,六安;六安市,中国;安徽,地级市,7,complete,,no,normal,no,,原始城市名存在多个写法
cn_city_5dcc8e30,合肥,安徽,合肥;合肥市,中国;安徽,地级市,7,complete,,no,normal,no,,原始城市名存在多个写法
cn_city_5144e255,安庆,安徽,安庆;安庆市,中国;安徽,地级市,7,complete,,no,normal,no,,原始城市名存在多个写法
cn_city_88951e24,宣城,安徽,宣城;宣城市,中国;安徽,地级市,7,complete,,no,normal,no,,原始城市名存在多个写法
cn_city_2ac97194,宿州,安徽,宿州;宿州市,中国;安徽,地级市,7,complete,,no,normal,no,,原始城市名存在多个写法
cn_city_dd3e4189,巢湖,安徽,安徽,中国,地级市,6,partial,地级市房价,no,historical_adjustment,yes,工作簿覆盖不完整；原地级巢湖市已撤销，需按年份和口径决定是否并入合肥、芜湖、马鞍山等后续区划。,不是所有工作簿都覆盖
cn_city_a24c0c85,池州,安徽,池州;池州市,中国;安徽,地级市,7,complete,,no,normal,no,,原始城市名存在多个写法
cn_city_3bd5a5fd,淮北,安徽,淮北;淮北市,中国;安徽,地级市,7,complete,,no,normal,no,,原始城市名存在多个写法
cn_city_3f34d524,淮南,安徽,淮南;淮南市,中国;安徽,地级市,7,complete,,no,normal,no,,原始城市名存在多个写法
cn_city_084e3574,滁州,安徽,滁州;滁州市,中国;安徽,地级市,7,complete,,no,normal,no,,原始城市名存在多个写法
cn_city_5296828d,芜湖,安徽,芜湖;芜湖市,中国;安徽,地级市,7,complete,,no,normal,no,,原始城市名存在多个写法
cn_city_157d6790,蚌埠,安徽,蚌埠;蚌埠市,中国;安徽,地级市,7,complete,,no,normal,no,,原始城市名存在多个写法
cn_city_35e4e9f8,铜陵,安徽,铜陵;铜陵市,中国;安徽,地级市,7,complete,,no,normal,no,,原始城市名存在多个写法
cn_city_a38d1f08,阜阳,安徽,阜阳;阜阳市,中国;安徽,地级市,7,complete,,no,normal,no,,原始城市名存在多个写法
cn_city_aff6accc,马鞍山,安徽,马鞍山;马鞍山市,中国;安徽,地级市,7,complete,,no,normal,no,,原始城市名存在多个写法
cn_city_259f9f3f,黄山,安徽,黄山;黄山市,中国;安徽,地级市,7,complete,,no,normal,no,,原始城市名存在多个写法
cn_city_713c70fb,东营,山东,东营;东营市,中国;山东,地级市,7,complete,,no,normal,no,,原始城市名存在多个写法
cn_city_77d3a0e5,临沂,山东,临沂;临沂市,中国;山东,地级市,7,complete,,no,normal,no,,原始城市名存在多个写法
cn_city_4e5ad9ed,威海,山东,威海;威海市,中国;山东,地级市,7,complete,,no,normal,no,,原始城市名存在多个写法
cn_city_4d21f754,德州,山东,德州;德州市,中国;山东,地级市,7,complete,,no,normal,no,,原始城市名存在多个写法
cn_city_277e5f27,日照,山东,日照;日照市,中国;山东,地级市,7,complete,,no,normal,no,,原始城市名存在多个写法
cn_city_7000a527,枣庄,山东,枣庄;枣庄市,中国;山东,地级市,7,complete,,no,normal,no,,原始城市名存在多个写法
cn_city_53abe5c7,泰安,山东,泰安;泰安市,中国;山东,地级市,7,complete,,no,normal,no,,原始城市名存在多个写法
cn_city_1203aa8f,济南,山东,济南;济南市,中国;山东,地级市,7,complete,,no,normal,no,,原始城市名存在多个写法
cn_city_8481a7f6,济宁,山东,济宁;济宁市,中国;山东,地级市,7,complete,,no,normal,no,,原始城市名存在多个写法
cn_city_47bdd969,淄博,山东,淄博;淄博市,中国;山东,地级市,7,complete,,no,normal,no,,原始城市名存在多个写法
cn_city_3d84e666,滨州,山东,滨州;滨州市,中国;山东,地级市,7,complete,,no,normal,no,,原始城市名存在多个写法
cn_city_5882fc94,潍坊,山东,潍坊;潍坊市,中国;山东,地级市,7,complete,,no,normal,no,,原始城市名存在多个写法
cn_city_ed73bf12,烟台,山东,烟台;烟台市,中国;山东,地级市,7,complete,,no,normal,no,,原始城市名存在多个写法
cn_city_8c6190cc,聊城,山东,聊城;聊城市,中国;山东,地级市,7,complete,,no,normal,no,,原始城市名存在多个写法
cn_city_6aa29de1,莱芜,山东,(DC)莱芜,中国,地级市,6,partial,地级市房价,no,historical_adjustment,yes,工作簿覆盖不完整；原莱芜市已并入济南，跨年份分析需单独处理。,不是所有工作簿都覆盖
cn_city_00869712,菏泽,山东,菏泽;菏泽市,中国;山东,地级市,7,complete,,no,normal,no,,原始城市名存在多个写法
cn_city_a2b3b36b,青岛,山东,青岛;青岛市,中国;山东,地级市,7,complete,,no,normal,no,,原始城市名存在多个写法
cn_city_437ddf91,临汾,山西,临汾;临汾市,中国;山西,地级市,7,complete,,no,normal,no,,原始城市名存在多个写法
cn_city_6571f124,吕梁,山西,吕梁;吕梁市,中国;山西,地级市,7,complete,,no,normal,no,,原始城市名存在多个写法
cn_city_68ce6ba4,大同,山西,大同;大同市,中国;山西,地级市,7,complete,,no,normal,no,,原始城市名存在多个写法
cn_city_0d670112,太原,山西,太原;太原市,中国;山西,地级市,7,complete,,no,normal,no,,原始城市名存在多个写法
cn_city_0ab8ff0f,忻州,山西,忻州;忻州市,中国;山西,地级市,7,complete,,no,normal,no,,原始城市名存在多个写法
cn_city_53245627,晋中,山西,晋中;晋中市,中国;山西,地级市,7,complete,,no,normal,no,,原始城市名存在多个写法
cn_city_1d443124,晋城,山西,晋城;晋城市,中国;山西,地级市,7,complete,,no,normal,no,,原始城市名存在多个写法
cn_city_d5207eab,朔州,山西,朔州;朔州市,中国;山西,地级市,7,complete,,no,normal,no,,原始城市名存在多个写法
cn_city_a44f495a,运城,山西,运城;运城市,中国;山西,地级市,7,complete,,no,normal,no,,原始城市名存在多个写法
cn_city_78a21ea8,长治,山西,长治;长治市,中国;山西,地级市,7,complete,,no,normal,no,,原始城市名存在多个写法
cn_city_12b12502,阳泉,山西,阳泉;阳泉市,中国;山西,地级市,7,complete,,no,normal,no,,原始城市名存在多个写法
cn_city_e288ec11,东莞,广东,东莞;东莞市,中国;广东,地级市,7,complete,,no,normal,no,,原始城市名存在多个写法
cn_city_46b8159c,中山,广东,中山;中山市,中国;广东,地级市,7,complete,,no,normal,no,,原始城市名存在多个写法
cn_city_8ca738d3,云浮,广东,云浮;云浮市,中国;广东,地级市,7,complete,,no,normal,no,,原始城市名存在多个写法
cn_city_2f2c283e,佛山,广东,佛山;佛山市,中国;广东,地级市,7,complete,,no,normal,no,,原始城市名存在多个写法
cn_city_6b188aa2,广州,广东,广州;广州市,中国;广东,地级市,7,complete,,no,normal,no,,原始城市名存在多个写法
cn_city_d0a3882b,惠州,广东,惠州;惠州市,中国;广东,地级市,7,complete,,no,normal,no,,原始城市名存在多个写法
cn_city_af317821,揭阳,广东,揭阳;揭阳市,中国;广东,地级市,7,complete,,no,normal,no,,原始城市名存在多个写法
cn_city_af52cc2b,梅州,广东,梅州;梅州市,中国;广东,地级市,7,complete,,no,normal,no,,原始城市名存在多个写法
cn_city_dd0337a7,汕头,广东,汕头;汕头市,中国;广东,地级市,7,complete,,no,normal,no,,原始城市名存在多个写法
cn_city_53160e65,汕尾,广东,汕尾;汕尾市,中国;广东,地级市,7,complete,,no,normal,no,,原始城市名存在多个写法
cn_city_5647fece,江门,广东,江门;江门市,中国;广东,地级市,7,complete,,no,normal,no,,原始城市名存在多个写法
cn_city_f49ad788,河源,广东,河源;河源市,中国;广东,地级市,7,complete,,no,normal,no,,原始城市名存在多个写法
cn_city_13efdd84,深圳,广东,深圳;深圳市,中国;广东,地级市,7,complete,,no,normal,no,,原始城市名存在多个写法
cn_city_c426659f,清远,广东,清远;清远市,中国;广东,地级市,7,complete,,no,normal,no,,原始城市名存在多个写法
cn_city_ca604a6d,湛江,广东,湛江;湛江市,中国;广东,地级市,7,complete,,no,normal,no,,原始城市名存在多个写法
cn_city_c5f95ab5,潮州,广东,潮州;潮州市,中国;广东,地级市,7,complete,,no,normal,no,,原始城市名存在多个写法
cn_city_c2a1e131,珠海,广东,珠海;珠海市,中国;广东,地级市,7,complete,,no,normal,no,,原始城市名存在多个写法
cn_city_380666ad,肇庆,广东,肇庆;肇庆市,中国;广东,地级市,7,complete,,no,normal,no,,原始城市名存在多个写法
cn_city_c746668d,茂名,广东,茂名;茂名市,中国;广东,地级市,7,complete,,no,normal,no,,原始城市名存在多个写法
cn_city_288b8dac,阳江,广东,阳江;阳江市,中国;广东,地级市,7,complete,,no,normal,no,,原始城市名存在多个写法
cn_city_71c0f1a6,韶关,广东,韶关;韶关市,中国;广东,地级市,7,complete,,no,normal,no,,原始城市名存在多个写法
cn_city_1e72cd41,北海,广西,北海;北海市,中国;广西,地级市,7,complete,,no,normal,no,,原始城市名存在多个写法
cn_city_5f4c256d,南宁,广西,南宁;南宁市,中国;广西,地级市,7,complete,,no,normal,no,,原始城市名存在多个写法
cn_city_3087e292,崇左,广西,崇左;崇左市,中国;广西,地级市,7,complete,,no,normal,no,,原始城市名存在多个写法
cn_city_e28a1acc,来宾,广西,来宾;来宾市,中国;广西,地级市,7,complete,,no,normal,no,,原始城市名存在多个写法
cn_city_14a03d46,柳州,广西,柳州;柳州市,中国;广西,地级市,7,complete,,no,normal,no,,原始城市名存在多个写法
cn_city_f3ecf709,桂林,广西,桂林;桂林市,中国;广西,地级市,7,complete,,no,normal,no,,原始城市名存在多个写法
cn_city_abf687e2,梧州,广西,梧州;梧州市,中国;广西,地级市,7,complete,,no,normal,no,,原始城市名存在多个写法
cn_city_0fcc2d79,河池,广西,河池;河池市,中国;广西,地级市,7,complete,,no,normal,no,,原始城市名存在多个写法
cn_city_b78554e5,玉林,广西,玉林;玉林市,中国;广西,地级市,7,complete,,no,normal,no,,原始城市名存在多个写法
cn_city_4bf3ea47,百色,广西,百色;百色市,中国;广西,地级市,7,complete,,no,normal,no,,原始城市名存在多个写法
cn_city_46b186b2,贵港,广西,贵港;贵港市,中国;广西,地级市,7,complete,,no,normal,no,,原始城市名存在多个写法
cn_city_9c04d8fd,贺州,广西,贺州;贺州市,中国;广西,地级市,7,complete,,no,normal,no,,原始城市名存在多个写法
cn_city_e40bb126,钦州,广西,钦州;钦州市,中国;广西,地级市,7,complete,,no,normal,no,,原始城市名存在多个写法
cn_city_d8a19599,防城港,广西,防城港;防城港市,中国;广西,地级市,7,complete,,no,normal,no,,原始城市名存在多个写法
cn_city_64e6759c,乌鲁木齐,新疆,乌鲁木齐;乌鲁木齐市,中国;新疆,地级市,7,complete,,no,normal,no,,原始城市名存在多个写法
cn_city_e37d191f,克拉玛依,新疆,克拉玛依;克拉玛依市,中国;新疆,地级市,7,complete,,no,normal,no,,原始城市名存在多个写法
cn_city_df89ef7f,吐鲁番,新疆,吐鲁番,中国;新疆,地级市,7,complete,,no,normal,no,,
cn_city_4cffe756,哈密,新疆,哈密;哈密​​,中国;新疆,地级市,7,complete,,yes,name_normalization,yes,原始城市名含不可见字符；原始数据存在零宽字符，已规范化为哈密。,原始城市名存在多个写法；原始城市名包含不可见字符
cn_city_d4592da4,南京,江苏,南京;南京市,中国;江苏,地级市,7,complete,,no,normal,no,,原始城市名存在多个写法
cn_city_3f14bdeb,南通,江苏,南通;南通市,中国;江苏,地级市,7,complete,,no,normal,no,,原始城市名存在多个写法
cn_city_b8fffeef,宿迁,江苏,宿迁;宿迁市,中国;江苏,地级市,7,complete,,no,normal,no,,原始城市名存在多个写法
cn_city_6fbde727,常州,江苏,常州;常州市,中国;江苏,地级市,7,complete,,no,normal,no,,原始城市名存在多个写法
cn_city_64c0ff60,徐州,江苏,徐州;徐州市,中国;江苏,地级市,7,complete,,no,normal,no,,原始城市名存在多个写法
cn_city_67186ed4,扬州,江苏,扬州;扬州市,中国;江苏,地级市,7,complete,,no,normal,no,,原始城市名存在多个写法
cn_city_c449399a,无锡,江苏,无锡;无锡市,中国;江苏,地级市,7,complete,,no,normal,no,,原始城市名存在多个写法
cn_city_ba009c36,泰州,江苏,泰州;泰州市,中国;江苏,地级市,7,complete,,no,normal,no,,原始城市名存在多个写法
cn_city_013057fd,淮安,江苏,淮安;淮安市,中国;江苏,地级市,7,complete,,no,normal,no,,原始城市名存在多个写法
cn_city_4094fc67,盐城,江苏,盐城;盐城市,中国;江苏,地级市,7,complete,,no,normal,no,,原始城市名存在多个写法
cn_city_2d101c83,苏州,江苏,苏州;苏州市,中国;江苏,地级市,7,complete,,no,normal,no,,原始城市名存在多个写法
cn_city_1cac19bc,连云港,江苏,连云港;连云港市,中国;江苏,地级市,7,complete,,no,normal,no,,原始城市名存在多个写法
cn_city_4779ebe6,镇江,江苏,镇江;镇江市,中国;江苏,地级市,7,complete,,no,normal,no,,原始城市名存在多个写法
cn_city_d9607b63,上饶,江西,上饶;上饶市,中国;江西,地级市,7,complete,,no,normal,no,,原始城市名存在多个写法
cn_city_1b4b744c,九江,江西,九江;九江市,中国;江西,地级市,7,complete,,no,normal,no,,原始城市名存在多个写法
cn_city_c0946ea0,南昌,江西,南昌;南昌市,中国;江西,地级市,7,complete,,no,normal,no,,原始城市名存在多个写法
cn_city_004fdd2f,吉安,江西,吉安;吉安市,中国;江西,地级市,7,complete,,no,normal,no,,原始城市名存在多个写法
cn_city_337df43f,宜春,江西,宜春;宜春市,中国;江西,地级市,7,complete,,no,normal,no,,原始城市名存在多个写法
cn_city_dfe4adaf,抚州,江西,抚州;抚州市,中国;江西,地级市,7,complete,,no,normal,no,,原始城市名存在多个写法
cn_city_ed26e10a,新余,江西,新余;新余市,中国;江西,地级市,7,complete,,no,normal,no,,原始城市名存在多个写法
cn_city_e054b3cf,景德镇,江西,景德镇;景德镇市,中国;江西,地级市,7,complete,,no,normal,no,,原始城市名存在多个写法
cn_city_3fdbcf16,萍乡,江西,萍乡;萍乡市,中国;江西,地级市,7,complete,,no,normal,no,,原始城市名存在多个写法
cn_city_4adc70c9,赣州,江西,赣州;赣州市,中国;江西,地级市,7,complete,,no,normal,no,,原始城市名存在多个写法
cn_city_170b90a4,鹰潭,江西,鹰潭;鹰潭市,中国;江西,地级市,7,complete,,no,normal,no,,原始城市名存在多个写法
cn_city_258d1bf2,保定,河北,保定;保定市,中国;河北,地级市,7,complete,,no,normal,no,,原始城市名存在多个写法
cn_city_6f6cc9e7,唐山,河北,唐山;唐山市,中国;河北,地级市,7,complete,,no,normal,no,,原始城市名存在多个写法
cn_city_e786d540,廊坊,河北,廊坊;廊坊市,中国;河北,地级市,7,complete,,no,normal,no,,原始城市名存在多个写法
cn_city_5e80feca,张家口,河北,张家口;张家口市,中国;河北,地级市,7,complete,,no,normal,no,,原始城市名存在多个写法
cn_city_b1ecbab2,承德,河北,承德;承德市,中国;河北,地级市,7,complete,,no,normal,no,,原始城市名存在多个写法
cn_city_798bbdf0,沧州,河北,沧州;沧州市,中国;河北,地级市,7,complete,,no,normal,no,,原始城市名存在多个写法
cn_city_874e2fd9,石家庄,河北,石家庄;石家庄市,中国;河北,地级市,7,complete,,no,normal,no,,原始城市名存在多个写法
cn_city_ce66d930,秦皇岛,河北,秦皇岛;秦皇岛市,中国;河北,地级市,7,complete,,no,normal,no,,原始城市名存在多个写法
cn_city_da598f63,衡水,河北,衡水;衡水市,中国;河北,地级市,7,complete,,no,normal,no,,原始城市名存在多个写法
cn_city_431fa14c,邢台,河北,邢台;邢台市,中国;河北,地级市,7,complete,,no,normal,no,,原始城市名存在多个写法
cn_city_556760ec,邯郸,河北,邯郸;邯郸市,中国;河北,地级市,7,complete,,no,normal,no,,原始城市名存在多个写法
cn_city_7c7c9ac7,三门峡,河南,三门峡;三门峡市,中国;河南,地级市,7,complete,,no,normal,no,,原始城市名存在多个写法
cn_city_2d9b3512,信阳,河南,信阳;信阳市,中国;河南,地级市,7,complete,,no,normal,no,,原始城市名存在多个写法
cn_city_a3b00074,南阳,河南,南阳;南阳市,中国;河南,地级市,7,complete,,no,normal,no,,原始城市名存在多个写法
cn_city_52bbf233,周口,河南,周口;周口市,中国;河南,地级市,7,complete,,no,normal,no,,原始城市名存在多个写法
cn_city_402ca02e,商丘,河南,商丘;商丘市,中国;河南,地级市,7,complete,,no,normal,no,,原始城市名存在多个写法
cn_city_645e9912,安阳,河南,安阳;安阳市,中国;河南,地级市,7,complete,,no,normal,no,,原始城市名存在多个写法
cn_city_51d54e38,平顶山,河南,平顶山;平顶山市,中国;河南,地级市,7,complete,,no,normal,no,,原始城市名存在多个写法
cn_city_ce1c9099,开封,河南,开封;开封市,中国;河南,地级市,7,complete,,no,normal,no,,原始城市名存在多个写法
cn_city_a91dfbb3,新乡,河南,新乡;新乡市,中国;河南,地级市,7,complete,,no,normal,no,,原始城市名存在多个写法
cn_city_9efe8e5e,洛阳,河南,洛阳;洛阳市,中国;河南,地级市,7,complete,,no,normal,no,,原始城市名存在多个写法
cn_city_5377260e,漯河,河南,漯河;漯河市,中国;河南,地级市,7,complete,,no,normal,no,,原始城市名存在多个写法
cn_city_a75f1acc,濮阳,河南,濮阳;濮阳市,中国;河南,地级市,7,complete,,no,normal,no,,原始城市名存在多个写法
cn_city_bcb4dc17,焦作,河南,焦作;焦作市,中国;河南,地级市,7,complete,,no,normal,no,,原始城市名存在多个写法
cn_city_5375e63f,许昌,河南,许昌;许昌市,中国;河南,地级市,7,complete,,no,normal,no,,原始城市名存在多个写法
cn_city_84277e50,郑州,河南,郑州;郑州市,中国;河南,地级市,7,complete,,no,normal,no,,原始城市名存在多个写法
cn_city_beac6e1f,驻马店,河南,驻马店;驻马店市,中国;河南,地级市,7,complete,,no,normal,no,,原始城市名存在多个写法
cn_city_9d4142e5,鹤壁,河南,鹤壁;鹤壁市,中国;河南,地级市,7,complete,,no,normal,no,,原始城市名存在多个写法
cn_city_0ceabedd,丽水,浙江,丽水;丽水市,中国;浙江,地级市,7,complete,,no,normal,no,,原始城市名存在多个写法
cn_city_06c3ea91,台州,浙江,台州;台州市,中国;浙江,地级市,7,complete,,no,normal,no,,原始城市名存在多个写法
cn_city_7cbcef7f,嘉兴,浙江,嘉兴;嘉兴市,中国;浙江,地级市,7,complete,,no,normal,no,,原始城市名存在多个写法
cn_city_4664b750,宁波,浙江,宁波;宁波市,中国;浙江,地级市,7,complete,,no,normal,no,,原始城市名存在多个写法
cn_city_d2ccb6c4,杭州,浙江,杭州;杭州市,中国;浙江,地级市,7,complete,,no,normal,no,,原始城市名存在多个写法
cn_city_be3bf3ea,温州,浙江,温州;温州市,中国;浙江,地级市,7,complete,,no,normal,no,,原始城市名存在多个写法
cn_city_b0d7fd52,湖州,浙江,湖州;湖州市,中国;浙江,地级市,7,complete,,no,normal,no,,原始城市名存在多个写法
cn_city_ded55fbd,绍兴,浙江,绍兴;绍兴市,中国;浙江,地级市,7,complete,,no,normal,no,,原始城市名存在多个写法
cn_city_ae2b9f29,舟山,浙江,舟山;舟山市,中国;浙江,地级市,7,complete,,no,normal,no,,原始城市名存在多个写法
cn_city_3863293a,衢州,浙江,衢州;衢州市,中国;浙江,地级市,7,complete,,no,normal,no,,原始城市名存在多个写法
cn_city_6b7d50e9,金华,浙江,金华;金华市,中国;浙江,地级市,7,complete,,no,normal,no,,原始城市名存在多个写法
cn_city_3ba4e8e2,三亚,海南,三亚;三亚市,中国;海南,地级市,7,complete,,no,normal,no,,原始城市名存在多个写法
cn_city_721fa990,儋州,海南,儋州;儋州市,中国;海南,地级市,7,complete,,no,normal,no,,原始城市名存在多个写法
cn_city_8e7394f4,海口,海南,海口;海口市,中国;海南,地级市,7,complete,,no,normal,no,,原始城市名存在多个写法
cn_city_02c32e84,十堰,湖北,十堰;十堰市,中国;湖北,地级市,7,complete,,no,normal,no,,原始城市名存在多个写法
cn_city_b209b8cb,咸宁,湖北,咸宁;咸宁市,中国;湖北,地级市,7,complete,,no,normal,no,,原始城市名存在多个写法
cn_city_d1a68a97,孝感,湖北,孝感;孝感市,中国;湖北,地级市,7,complete,,no,normal,no,,原始城市名存在多个写法
cn_city_608bee22,宜昌,湖北,宜昌;宜昌市,中国;湖北,地级市,7,complete,,no,normal,no,,原始城市名存在多个写法
cn_city_1f8e09c1,武汉,湖北,武汉;武汉市,中国;湖北,地级市,7,complete,,no,normal,no,,原始城市名存在多个写法
cn_city_e2262a37,荆州,湖北,荆州;荆州市,中国;湖北,地级市,7,complete,,no,normal,no,,原始城市名存在多个写法
cn_city_fb5e507d,荆门,湖北,荆门;荆门市,中国;湖北,地级市,7,complete,,no,normal,no,,原始城市名存在多个写法
cn_city_2e6e6f15,襄阳,湖北,襄阳;襄阳市,中国;湖北,地级市,7,complete,,no,normal,no,,原始城市名存在多个写法
cn_city_793d8eaa,鄂州,湖北,鄂州;鄂州市,中国;湖北,地级市,7,complete,,no,normal,no,,原始城市名存在多个写法
cn_city_9557ba20,随州,湖北,随州;随州市,中国;湖北,地级市,7,complete,,no,normal,no,,原始城市名存在多个写法
cn_city_87e3c113,黄冈,湖北,黄冈;黄冈市,中国;湖北,地级市,7,complete,,no,normal,no,,原始城市名存在多个写法
cn_city_bd561eba,黄石,湖北,黄石;黄石市,中国;湖北,地级市,7,complete,,no,normal,no,,原始城市名存在多个写法
cn_city_4ad059df,娄底,湖南,娄底;娄底市,中国;湖南,地级市,7,complete,,no,normal,no,,原始城市名存在多个写法
cn_city_151c7f53,岳阳,湖南,岳阳;岳阳市,中国;湖南,地级市,7,complete,,no,normal,no,,原始城市名存在多个写法
cn_city_b0ce10bf,常德,湖南,常德;常德市,中国;湖南,地级市,7,complete,,no,normal,no,,原始城市名存在多个写法
cn_city_ad6bb228,张家界,湖南,张家界;张家界市,中国;湖南,地级市,7,complete,,no,normal,no,,原始城市名存在多个写法
cn_city_fe13f390,怀化,湖南,怀化;怀化市,中国;湖南,地级市,7,complete,,no,normal,no,,原始城市名存在多个写法
cn_city_e335d8f9,株洲,湖南,株洲;株洲市,中国;湖南,地级市,7,complete,,no,normal,no,,原始城市名存在多个写法
cn_city_31420624,永州,湖南,永州;永州市,中国;湖南,地级市,7,complete,,no,normal,no,,原始城市名存在多个写法
cn_city_5b53318a,湘潭,湖南,湘潭;湘潭市,中国;湖南,地级市,7,complete,,no,normal,no,,原始城市名存在多个写法
cn_city_92ea0438,益阳,湖南,益阳;益阳市,中国;湖南,地级市,7,complete,,no,normal,no,,原始城市名存在多个写法
cn_city_e8a4c9e4,衡阳,湖南,衡阳;衡阳市,中国;湖南,地级市,7,complete,,no,normal,no,,原始城市名存在多个写法
cn_city_d9c6f967,邵阳,湖南,邵阳;邵阳市,中国;湖南,地级市,7,complete,,no,normal,no,,原始城市名存在多个写法
cn_city_1683f4a6,郴州,湖南,郴州;郴州市,中国;湖南,地级市,7,complete,,no,normal,no,,原始城市名存在多个写法
cn_city_89b6c6bc,长沙,湖南,长沙;长沙市,中国;湖南,地级市,7,complete,,no,normal,no,,原始城市名存在多个写法
cn_city_ed04edf6,兰州,甘肃,兰州;兰州市,中国;甘肃,地级市,7,complete,,no,normal,no,,原始城市名存在多个写法
cn_city_c072a108,嘉峪关,甘肃,嘉峪关;嘉峪关市,中国;甘肃,地级市,7,complete,,no,normal,no,,原始城市名存在多个写法
cn_city_7cde2121,天水,甘肃,天水;天水市,中国;甘肃,地级市,7,complete,,no,normal,no,,原始城市名存在多个写法
cn_city_8a806ede,定西,甘肃,定西;定西市,中国;甘肃,地级市,7,complete,,no,normal,no,,原始城市名存在多个写法
cn_city_5ca57a14,平凉,甘肃,平凉;平凉市,中国;甘肃,地级市,7,complete,,no,normal,no,,原始城市名存在多个写法
cn_city_8fee108b,庆阳,甘肃,庆阳;庆阳市,中国;甘肃,地级市,7,complete,,no,normal,no,,原始城市名存在多个写法
cn_city_555d2b05,张掖,甘肃,张掖;张掖市,中国;甘肃,地级市,7,complete,,no,normal,no,,原始城市名存在多个写法
cn_city_25fcb9eb,武威,甘肃,武威;武威市,中国;甘肃,地级市,7,complete,,no,normal,no,,原始城市名存在多个写法
cn_city_1cffe2b7,白银,甘肃,白银;白银市,中国;甘肃,地级市,7,complete,,no,normal,no,,原始城市名存在多个写法
cn_city_5777f499,酒泉,甘肃,酒泉;酒泉市,中国;甘肃,地级市,7,complete,,no,normal,no,,原始城市名存在多个写法
cn_city_f63093aa,金昌,甘肃,金昌;金昌市,中国;甘肃,地级市,7,complete,,no,normal,no,,原始城市名存在多个写法
cn_city_ca1f028c,陇南,甘肃,陇南;陇南市,中国;甘肃,地级市,7,complete,,no,normal,no,,原始城市名存在多个写法
cn_city_846450df,三明,福建,三明;三明市,中国;福建,地级市,7,complete,,no,normal,no,,原始城市名存在多个写法
cn_city_0b78b4d5,南平,福建,南平;南平市,中国;福建,地级市,7,complete,,no,normal,no,,原始城市名存在多个写法
cn_city_7b1c4ec6,厦门,福建,厦门;厦门市,中国;福建,地级市,7,complete,,no,normal,no,,原始城市名存在多个写法
cn_city_7a8240b9,宁德,福建,宁德;宁德市,中国;福建,地级市,7,complete,,no,normal,no,,原始城市名存在多个写法
cn_city_e520d9e3,泉州,福建,泉州;泉州市,中国;福建,地级市,7,complete,,no,normal,no,,原始城市名存在多个写法
cn_city_eb5d58f3,漳州,福建,漳州;漳州市,中国;福建,地级市,7,complete,,no,normal,no,,原始城市名存在多个写法
cn_city_313cefca,福州,福建,福州;福州市,中国;福建,地级市,7,complete,,no,normal,no,,原始城市名存在多个写法
cn_city_42f088c6,莆田,福建,莆田;莆田市,中国;福建,地级市,7,complete,,no,normal,no,,原始城市名存在多个写法
cn_city_7b55c863,龙岩,福建,龙岩;龙岩市,中国;福建,地级市,7,complete,,no,normal,no,,原始城市名存在多个写法
cn_city_56b1ade1,山南,西藏,山南,中国;西藏,地级市,7,complete,,no,normal,no,,
cn_city_7853790d,拉萨,西藏,拉萨;拉萨市,中国;西藏,地级市,7,complete,,no,normal,no,,原始城市名存在多个写法
cn_city_aa1efeb1,日喀则,西藏,日喀则,中国;西藏,地级市,7,complete,,no,normal,no,,
cn_city_0142ebdd,昌都,西藏,昌都,中国;西藏,地级市,7,complete,,no,normal,no,,
cn_city_40454168,林芝,西藏,林芝,中国;西藏,地级市,7,complete,,no,normal,no,,
cn_city_eb3aa9f1,那曲,西藏,那曲,中国;西藏,地级市,5,partial,住宅销售额;商品房销售额,no,coverage_gap,yes,工作簿覆盖不完整；缺商品房销售额和住宅销售额，需核对统计口径和数据可得性。,不是所有工作簿都覆盖
cn_city_5659bb1e,六盘水,贵州,六盘水;六盘水市,中国;贵州,地级市,7,complete,,no,normal,no,,原始城市名存在多个写法
cn_city_e23a3aa5,安顺,贵州,安顺;安顺市,中国;贵州,地级市,7,complete,,no,normal,no,,原始城市名存在多个写法
cn_city_3914b67f,毕节,贵州,毕节;毕节市,中国;贵州,地级市,7,complete,,no,normal,no,,原始城市名存在多个写法
cn_city_a8948dad,贵阳,贵州,贵阳;贵阳市,中国;贵州,地级市,7,complete,,no,normal,no,,原始城市名存在多个写法
cn_city_a004e98a,遵义,贵州,遵义;遵义市,中国;贵州,地级市,7,complete,,no,normal,no,,原始城市名存在多个写法
cn_city_4a52c84b,铜仁,贵州,铜仁;铜仁市,中国;贵州,地级市,7,complete,,no,normal,no,,原始城市名存在多个写法
cn_city_e69e3ddc,丹东,辽宁,丹东;丹东市,中国;辽宁,地级市,7,complete,,no,normal,no,,原始城市名存在多个写法
cn_city_bad9c3cf,大连,辽宁,大连;大连市,中国;辽宁,地级市,7,complete,,no,normal,no,,原始城市名存在多个写法
cn_city_149a4e96,抚顺,辽宁,抚顺;抚顺市,中国;辽宁,地级市,7,complete,,no,normal,no,,原始城市名存在多个写法
cn_city_44c66238,朝阳,辽宁,朝阳;朝阳市,中国;辽宁,地级市,7,complete,,no,normal,no,,原始城市名存在多个写法
cn_city_81e750aa,本溪,辽宁,本溪;本溪市,中国;辽宁,地级市,7,complete,,no,normal,no,,原始城市名存在多个写法
cn_city_b7bd46e5,沈阳,辽宁,沈阳;沈阳市,中国;辽宁,地级市,7,complete,,no,normal,no,,原始城市名存在多个写法
cn_city_4e4fa7a5,盘锦,辽宁,盘锦;盘锦市,中国;辽宁,地级市,7,complete,,no,normal,no,,原始城市名存在多个写法
cn_city_f906584f,营口,辽宁,营口;营口市,中国;辽宁,地级市,7,complete,,no,normal,no,,原始城市名存在多个写法
cn_city_0199fdcf,葫芦岛,辽宁,葫芦岛;葫芦岛市,中国;辽宁,地级市,7,complete,,no,normal,no,,原始城市名存在多个写法
cn_city_7e7910f4,辽阳,辽宁,辽阳;辽阳市,中国;辽宁,地级市,7,complete,,no,normal,no,,原始城市名存在多个写法
cn_city_abc99baa,铁岭,辽宁,铁岭;铁岭市,中国;辽宁,地级市,7,complete,,no,normal,no,,原始城市名存在多个写法
cn_city_1b56027a,锦州,辽宁,锦州;锦州市,中国;辽宁,地级市,7,complete,,no,normal,no,,原始城市名存在多个写法
cn_city_a79c55d6,阜新,辽宁,阜新;阜新市,中国;辽宁,地级市,7,complete,,no,normal,no,,原始城市名存在多个写法
cn_city_0b4b3c74,鞍山,辽宁,鞍山;鞍山市,中国;辽宁,地级市,7,complete,,no,normal,no,,原始城市名存在多个写法
cn_city_e607e00d,重庆,重庆,重庆,中国;重庆,直辖市,7,complete,,no,normal,no,,
cn_city_18d49b8f,咸阳,陕西,咸阳;咸阳市,中国;陕西,地级市,7,complete,,no,normal,no,,原始城市名存在多个写法
cn_city_e3371541,商洛,陕西,商洛;商洛市,中国;陕西,地级市,7,complete,,no,normal,no,,原始城市名存在多个写法
cn_city_e3666c4d,安康,陕西,安康;安康市,中国;陕西,地级市,7,complete,,no,normal,no,,原始城市名存在多个写法
cn_city_deb71573,宝鸡,陕西,宝鸡;宝鸡市,中国;陕西,地级市,7,complete,,no,normal,no,,原始城市名存在多个写法
cn_city_1d492216,延安,陕西,延安;延安市,中国;陕西,地级市,7,complete,,no,normal,no,,原始城市名存在多个写法
cn_city_e89f58eb,榆林,陕西,榆林;榆林市,中国;陕西,地级市,7,complete,,no,normal,no,,原始城市名存在多个写法
cn_city_7faefad1,汉中,陕西,汉中;汉中市,中国;陕西,地级市,7,complete,,no,normal,no,,原始城市名存在多个写法
cn_city_4c02c40d,渭南,陕西,渭南;渭南市,中国;陕西,地级市,7,complete,,no,normal,no,,原始城市名存在多个写法
cn_city_27bdc60a,西安,陕西,西安;西安市,中国;陕西,地级市,7,complete,,no,normal,no,,原始城市名存在多个写法
cn_city_d4480e81,铜川,陕西,铜川;铜川市,中国;陕西,地级市,7,complete,,no,normal,no,,原始城市名存在多个写法
cn_city_ec42d8d8,海东,青海,海东,中国;青海,地级市,7,complete,,no,normal,no,,
cn_city_06c94b2c,西宁,青海,西宁;西宁市,中国;青海,地级市,7,complete,,no,normal,no,,原始城市名存在多个写法
cn_city_dabdcded,七台河,黑龙江,七台河;七台河市,中国;黑龙江,地级市,7,complete,,no,normal,no,,原始城市名存在多个写法
cn_city_360af1af,伊春,黑龙江,伊春;伊春市,中国;黑龙江,地级市,7,complete,,no,normal,no,,原始城市名存在多个写法
cn_city_29301a91,佳木斯,黑龙江,佳木斯;佳木斯市,中国;黑龙江,地级市,7,complete,,no,normal,no,,原始城市名存在多个写法
cn_city_94787503,双鸭山,黑龙江,双鸭山;双鸭山市,中国;黑龙江,地级市,7,complete,,no,normal,no,,原始城市名存在多个写法
cn_city_b91eb124,哈尔滨,黑龙江,哈尔滨;哈尔滨市,中国;黑龙江,地级市,7,complete,,no,normal,no,,原始城市名存在多个写法
cn_city_dad718e4,大庆,黑龙江,大庆;大庆市,中国;黑龙江,地级市,7,complete,,no,normal,no,,原始城市名存在多个写法
cn_city_7b6c70e4,牡丹江,黑龙江,牡丹江;牡丹江市,中国;黑龙江,地级市,7,complete,,no,normal,no,,原始城市名存在多个写法
cn_city_2e78b0cb,绥化,黑龙江,绥化;绥化市,中国;黑龙江,地级市,7,complete,,no,normal,no,,原始城市名存在多个写法
cn_city_96bd5b90,鸡西,黑龙江,鸡西;鸡西市,中国;黑龙江,地级市,7,complete,,no,normal,no,,原始城市名存在多个写法
cn_city_822aeb95,鹤岗,黑龙江,鹤岗;鹤岗市,中国;黑龙江,地级市,7,complete,,no,normal,no,,原始城市名存在多个写法
cn_city_ee6f53e3,黑河,黑龙江,黑河;黑河市,中国;黑龙江,地级市,7,complete,,no,normal,no,,原始城市名存在多个写法
cn_city_3f51ff9e,齐齐哈尔,黑龙江,齐齐哈尔;齐齐哈尔市,中国;黑龙江,地级市,7,complete,,no,normal,no,,原始城市名存在多个写法
