dataset_id,source_registry_id,dataset_name,relative_path,file_name,extension,role,size_bytes,size_mb,git_policy,notes
china-city-database-v202603-2000-2024,SRC_CN_PURCHASED_CITY_DB,中国城市数据库 v202603 版 2000-2024,data/raw/purchased/china-city-database-v202603-2000-2024/DATA_SOURCE.md,DATA_SOURCE.md,.md,source_note,883,0.001,tracked_metadata,唯一应提交的购买数据目录说明文件
china-city-database-v202603-2000-2024,SRC_CN_PURCHASED_CITY_DB,中国城市数据库 v202603 版 2000-2024,data/raw/purchased/china-city-database-v202603-2000-2024/中国城市数据库v202603版（2000-2024年）.xlsx,中国城市数据库v202603版（2000-2024年）.xlsx,.xlsx,spreadsheet_data,18232467,17.388,ignored_raw_asset,原始购买数据或配套材料，不提交到 Git
china-city-database-v202603-2000-2024,SRC_CN_PURCHASED_CITY_DB,中国城市数据库 v202603 版 2000-2024,data/raw/purchased/china-city-database-v202603-2000-2024/马克数据汇总（2026年1月31日更新）.pdf,马克数据汇总（2026年1月31日更新）.pdf,.pdf,documentation,854853,0.815,ignored_raw_asset,原始购买数据或配套材料，不提交到 Git
china-city-database-v202603-2000-2024,SRC_CN_PURCHASED_CITY_DB,中国城市数据库 v202603 版 2000-2024,data/raw/purchased/china-city-database-v202603-2000-2024/马克数据网-搜一搜与二维码.png,马克数据网-搜一搜与二维码.png,.png,image,4268298,4.071,ignored_raw_asset,原始购买数据或配套材料，不提交到 Git
china-real-estate-statistical-yearbook-1999-2025,SRC_CN_PURCHASED_RE_YEARBOOK,中国房地产统计年鉴 1999-2025,data/raw/purchased/china-real-estate-statistical-yearbook-1999-2025/DATA_SOURCE.md,DATA_SOURCE.md,.md,source_note,821,0.001,tracked_metadata,唯一应提交的购买数据目录说明文件
china-real-estate-statistical-yearbook-1999-2025,SRC_CN_PURCHASED_RE_YEARBOOK,中国房地产统计年鉴 1999-2025,data/raw/purchased/china-real-estate-statistical-yearbook-1999-2025/EXCEL/中国房地产统计年鉴1999（excel）.zip,中国房地产统计年鉴1999（excel）.zip,.zip,archive,7287900,6.950,ignored_raw_asset,原始购买数据或配套材料，不提交到 Git
china-real-estate-statistical-yearbook-1999-2025,SRC_CN_PURCHASED_RE_YEARBOOK,中国房地产统计年鉴 1999-2025,data/raw/purchased/china-real-estate-statistical-yearbook-1999-2025/EXCEL/中国房地产统计年鉴2000（excel）.zip,中国房地产统计年鉴2000（excel）.zip,.zip,archive,6503303,6.202,ignored_raw_asset,原始购买数据或配套材料，不提交到 Git
china-real-estate-statistical-yearbook-1999-2025,SRC_CN_PURCHASED_RE_YEARBOOK,中国房地产统计年鉴 1999-2025,data/raw/purchased/china-real-estate-statistical-yearbook-1999-2025/EXCEL/中国房地产统计年鉴2001（excel）.zip,中国房地产统计年鉴2001（excel）.zip,.zip,archive,4982787,4.752,ignored_raw_asset,原始购买数据或配套材料，不提交到 Git
china-real-estate-statistical-yearbook-1999-2025,SRC_CN_PURCHASED_RE_YEARBOOK,中国房地产统计年鉴 1999-2025,data/raw/purchased/china-real-estate-statistical-yearbook-1999-2025/EXCEL/中国房地产统计年鉴2002（excel）.zip,中国房地产统计年鉴2002（excel）.zip,.zip,archive,3134111,2.989,ignored_raw_asset,原始购买数据或配套材料，不提交到 Git
china-real-estate-statistical-yearbook-1999-2025,SRC_CN_PURCHASED_RE_YEARBOOK,中国房地产统计年鉴 1999-2025,data/raw/purchased/china-real-estate-statistical-yearbook-1999-2025/EXCEL/中国房地产统计年鉴2003（excel）.zip,中国房地产统计年鉴2003（excel）.zip,.zip,archive,2405716,2.294,ignored_raw_asset,原始购买数据或配套材料，不提交到 Git
china-real-estate-statistical-yearbook-1999-2025,SRC_CN_PURCHASED_RE_YEARBOOK,中国房地产统计年鉴 1999-2025,data/raw/purchased/china-real-estate-statistical-yearbook-1999-2025/EXCEL/中国房地产统计年鉴2004（excel）.zip,中国房地产统计年鉴2004（excel）.zip,.zip,archive,5742730,5.477,ignored_raw_asset,原始购买数据或配套材料，不提交到 Git
china-real-estate-statistical-yearbook-1999-2025,SRC_CN_PURCHASED_RE_YEARBOOK,中国房地产统计年鉴 1999-2025,data/raw/purchased/china-real-estate-statistical-yearbook-1999-2025/EXCEL/中国房地产统计年鉴2005-2006（excel）.zip,中国房地产统计年鉴2005-2006（excel）.zip,.zip,archive,4527749,4.318,ignored_raw_asset,原始购买数据或配套材料，不提交到 Git
china-real-estate-statistical-yearbook-1999-2025,SRC_CN_PURCHASED_RE_YEARBOOK,中国房地产统计年鉴 1999-2025,data/raw/purchased/china-real-estate-statistical-yearbook-1999-2025/EXCEL/中国房地产统计年鉴2007（excel）.zip,中国房地产统计年鉴2007（excel）.zip,.zip,archive,3209740,3.061,ignored_raw_asset,原始购买数据或配套材料，不提交到 Git
china-real-estate-statistical-yearbook-1999-2025,SRC_CN_PURCHASED_RE_YEARBOOK,中国房地产统计年鉴 1999-2025,data/raw/purchased/china-real-estate-statistical-yearbook-1999-2025/EXCEL/中国房地产统计年鉴2008（excel）.zip,中国房地产统计年鉴2008（excel）.zip,.zip,archive,5185181,4.945,ignored_raw_asset,原始购买数据或配套材料，不提交到 Git
china-real-estate-statistical-yearbook-1999-2025,SRC_CN_PURCHASED_RE_YEARBOOK,中国房地产统计年鉴 1999-2025,data/raw/purchased/china-real-estate-statistical-yearbook-1999-2025/EXCEL/中国房地产统计年鉴2009（excel）.zip,中国房地产统计年鉴2009（excel）.zip,.zip,archive,3236378,3.086,ignored_raw_asset,原始购买数据或配套材料，不提交到 Git
china-real-estate-statistical-yearbook-1999-2025,SRC_CN_PURCHASED_RE_YEARBOOK,中国房地产统计年鉴 1999-2025,data/raw/purchased/china-real-estate-statistical-yearbook-1999-2025/EXCEL/中国房地产统计年鉴2010（excel）.zip,中国房地产统计年鉴2010（excel）.zip,.zip,archive,3244023,3.094,ignored_raw_asset,原始购买数据或配套材料，不提交到 Git
china-real-estate-statistical-yearbook-1999-2025,SRC_CN_PURCHASED_RE_YEARBOOK,中国房地产统计年鉴 1999-2025,data/raw/purchased/china-real-estate-statistical-yearbook-1999-2025/EXCEL/中国房地产统计年鉴2011（excel）.zip,中国房地产统计年鉴2011（excel）.zip,.zip,archive,3133979,2.989,ignored_raw_asset,原始购买数据或配套材料，不提交到 Git
china-real-estate-statistical-yearbook-1999-2025,SRC_CN_PURCHASED_RE_YEARBOOK,中国房地产统计年鉴 1999-2025,data/raw/purchased/china-real-estate-statistical-yearbook-1999-2025/EXCEL/中国房地产统计年鉴2012（excel）.zip,中国房地产统计年鉴2012（excel）.zip,.zip,archive,3158387,3.012,ignored_raw_asset,原始购买数据或配套材料，不提交到 Git
china-real-estate-statistical-yearbook-1999-2025,SRC_CN_PURCHASED_RE_YEARBOOK,中国房地产统计年鉴 1999-2025,data/raw/purchased/china-real-estate-statistical-yearbook-1999-2025/EXCEL/中国房地产统计年鉴2013（excel）.zip,中国房地产统计年鉴2013（excel）.zip,.zip,archive,3147928,3.002,ignored_raw_asset,原始购买数据或配套材料，不提交到 Git
china-real-estate-statistical-yearbook-1999-2025,SRC_CN_PURCHASED_RE_YEARBOOK,中国房地产统计年鉴 1999-2025,data/raw/purchased/china-real-estate-statistical-yearbook-1999-2025/EXCEL/中国房地产统计年鉴2014（excel）.zip,中国房地产统计年鉴2014（excel）.zip,.zip,archive,3128691,2.984,ignored_raw_asset,原始购买数据或配套材料，不提交到 Git
china-real-estate-statistical-yearbook-1999-2025,SRC_CN_PURCHASED_RE_YEARBOOK,中国房地产统计年鉴 1999-2025,data/raw/purchased/china-real-estate-statistical-yearbook-1999-2025/EXCEL/中国房地产统计年鉴2015（excel）.zip,中国房地产统计年鉴2015（excel）.zip,.zip,archive,3128736,2.984,ignored_raw_asset,原始购买数据或配套材料，不提交到 Git
china-real-estate-statistical-yearbook-1999-2025,SRC_CN_PURCHASED_RE_YEARBOOK,中国房地产统计年鉴 1999-2025,data/raw/purchased/china-real-estate-statistical-yearbook-1999-2025/EXCEL/中国房地产统计年鉴2016（excel）.zip,中国房地产统计年鉴2016（excel）.zip,.zip,archive,2153809,2.054,ignored_raw_asset,原始购买数据或配套材料，不提交到 Git
china-real-estate-statistical-yearbook-1999-2025,SRC_CN_PURCHASED_RE_YEARBOOK,中国房地产统计年鉴 1999-2025,data/raw/purchased/china-real-estate-statistical-yearbook-1999-2025/EXCEL/中国房地产统计年鉴2017（excel）.zip,中国房地产统计年鉴2017（excel）.zip,.zip,archive,2152751,2.053,ignored_raw_asset,原始购买数据或配套材料，不提交到 Git
china-real-estate-statistical-yearbook-1999-2025,SRC_CN_PURCHASED_RE_YEARBOOK,中国房地产统计年鉴 1999-2025,data/raw/purchased/china-real-estate-statistical-yearbook-1999-2025/EXCEL/中国房地产统计年鉴2018（excel）.zip,中国房地产统计年鉴2018（excel）.zip,.zip,archive,2169849,2.069,ignored_raw_asset,原始购买数据或配套材料，不提交到 Git
china-real-estate-statistical-yearbook-1999-2025,SRC_CN_PURCHASED_RE_YEARBOOK,中国房地产统计年鉴 1999-2025,data/raw/purchased/china-real-estate-statistical-yearbook-1999-2025/EXCEL/中国房地产统计年鉴2019（excel）.zip,中国房地产统计年鉴2019（excel）.zip,.zip,archive,2159715,2.060,ignored_raw_asset,原始购买数据或配套材料，不提交到 Git
china-real-estate-statistical-yearbook-1999-2025,SRC_CN_PURCHASED_RE_YEARBOOK,中国房地产统计年鉴 1999-2025,data/raw/purchased/china-real-estate-statistical-yearbook-1999-2025/EXCEL/中国房地产统计年鉴2020（excel）.zip,中国房地产统计年鉴2020（excel）.zip,.zip,archive,2227577,2.124,ignored_raw_asset,原始购买数据或配套材料，不提交到 Git
china-real-estate-statistical-yearbook-1999-2025,SRC_CN_PURCHASED_RE_YEARBOOK,中国房地产统计年鉴 1999-2025,data/raw/purchased/china-real-estate-statistical-yearbook-1999-2025/EXCEL/中国房地产统计年鉴2021（excel）.zip,中国房地产统计年鉴2021（excel）.zip,.zip,archive,2023280,1.930,ignored_raw_asset,原始购买数据或配套材料，不提交到 Git
china-real-estate-statistical-yearbook-1999-2025,SRC_CN_PURCHASED_RE_YEARBOOK,中国房地产统计年鉴 1999-2025,data/raw/purchased/china-real-estate-statistical-yearbook-1999-2025/EXCEL/中国房地产统计年鉴2022（excel）.zip,中国房地产统计年鉴2022（excel）.zip,.zip,archive,2018879,1.925,ignored_raw_asset,原始购买数据或配套材料，不提交到 Git
china-real-estate-statistical-yearbook-1999-2025,SRC_CN_PURCHASED_RE_YEARBOOK,中国房地产统计年鉴 1999-2025,data/raw/purchased/china-real-estate-statistical-yearbook-1999-2025/EXCEL/中国房地产统计年鉴2023（excel）.zip,中国房地产统计年鉴2023（excel）.zip,.zip,archive,3124873,2.980,ignored_raw_asset,原始购买数据或配套材料，不提交到 Git
china-real-estate-statistical-yearbook-1999-2025,SRC_CN_PURCHASED_RE_YEARBOOK,中国房地产统计年鉴 1999-2025,data/raw/purchased/china-real-estate-statistical-yearbook-1999-2025/EXCEL/中国房地产统计年鉴2024-EXCEL.zip,中国房地产统计年鉴2024-EXCEL.zip,.zip,archive,1722242,1.642,ignored_raw_asset,原始购买数据或配套材料，不提交到 Git
china-real-estate-statistical-yearbook-1999-2025,SRC_CN_PURCHASED_RE_YEARBOOK,中国房地产统计年鉴 1999-2025,data/raw/purchased/china-real-estate-statistical-yearbook-1999-2025/PDF/中国房地产统计年鉴1999（PDF）.rar,中国房地产统计年鉴1999（PDF）.rar,.rar,archive,14853583,14.165,ignored_raw_asset,原始购买数据或配套材料，不提交到 Git
china-real-estate-statistical-yearbook-1999-2025,SRC_CN_PURCHASED_RE_YEARBOOK,中国房地产统计年鉴 1999-2025,data/raw/purchased/china-real-estate-statistical-yearbook-1999-2025/PDF/中国房地产统计年鉴2000（PD）.rar,中国房地产统计年鉴2000（PD）.rar,.rar,archive,15337531,14.627,ignored_raw_asset,原始购买数据或配套材料，不提交到 Git
china-real-estate-statistical-yearbook-1999-2025,SRC_CN_PURCHASED_RE_YEARBOOK,中国房地产统计年鉴 1999-2025,data/raw/purchased/china-real-estate-statistical-yearbook-1999-2025/PDF/中国房地产统计年鉴2001（PDF）.rar,中国房地产统计年鉴2001（PDF）.rar,.rar,archive,7600639,7.249,ignored_raw_asset,原始购买数据或配套材料，不提交到 Git
china-real-estate-statistical-yearbook-1999-2025,SRC_CN_PURCHASED_RE_YEARBOOK,中国房地产统计年鉴 1999-2025,data/raw/purchased/china-real-estate-statistical-yearbook-1999-2025/PDF/中国房地产统计年鉴2002（PDF扫描版）.rar,中国房地产统计年鉴2002（PDF扫描版）.rar,.rar,archive,12479375,11.901,ignored_raw_asset,原始购买数据或配套材料，不提交到 Git
china-real-estate-statistical-yearbook-1999-2025,SRC_CN_PURCHASED_RE_YEARBOOK,中国房地产统计年鉴 1999-2025,data/raw/purchased/china-real-estate-statistical-yearbook-1999-2025/PDF/中国房地产统计年鉴2003（PDF扫描版）.rar,中国房地产统计年鉴2003（PDF扫描版）.rar,.rar,archive,10610434,10.119,ignored_raw_asset,原始购买数据或配套材料，不提交到 Git
china-real-estate-statistical-yearbook-1999-2025,SRC_CN_PURCHASED_RE_YEARBOOK,中国房地产统计年鉴 1999-2025,data/raw/purchased/china-real-estate-statistical-yearbook-1999-2025/PDF/中国房地产统计年鉴2004（PDF）.rar,中国房地产统计年鉴2004（PDF）.rar,.rar,archive,12399860,11.825,ignored_raw_asset,原始购买数据或配套材料，不提交到 Git
china-real-estate-statistical-yearbook-1999-2025,SRC_CN_PURCHASED_RE_YEARBOOK,中国房地产统计年鉴 1999-2025,data/raw/purchased/china-real-estate-statistical-yearbook-1999-2025/PDF/中国房地产统计年鉴2005-2006（PDF）.rar,中国房地产统计年鉴2005-2006（PDF）.rar,.rar,archive,24169156,23.050,ignored_raw_asset,原始购买数据或配套材料，不提交到 Git
china-real-estate-statistical-yearbook-1999-2025,SRC_CN_PURCHASED_RE_YEARBOOK,中国房地产统计年鉴 1999-2025,data/raw/purchased/china-real-estate-statistical-yearbook-1999-2025/PDF/中国房地产统计年鉴2007（PDF）.rar,中国房地产统计年鉴2007（PDF）.rar,.rar,archive,10247793,9.773,ignored_raw_asset,原始购买数据或配套材料，不提交到 Git
china-real-estate-statistical-yearbook-1999-2025,SRC_CN_PURCHASED_RE_YEARBOOK,中国房地产统计年鉴 1999-2025,data/raw/purchased/china-real-estate-statistical-yearbook-1999-2025/PDF/中国房地产统计年鉴2008（PDF）.rar,中国房地产统计年鉴2008（PDF）.rar,.rar,archive,14965749,14.272,ignored_raw_asset,原始购买数据或配套材料，不提交到 Git
china-real-estate-statistical-yearbook-1999-2025,SRC_CN_PURCHASED_RE_YEARBOOK,中国房地产统计年鉴 1999-2025,data/raw/purchased/china-real-estate-statistical-yearbook-1999-2025/PDF/中国房地产统计年鉴2009（PDF）.rar,中国房地产统计年鉴2009（PDF）.rar,.rar,archive,10729822,10.233,ignored_raw_asset,原始购买数据或配套材料，不提交到 Git
china-real-estate-statistical-yearbook-1999-2025,SRC_CN_PURCHASED_RE_YEARBOOK,中国房地产统计年鉴 1999-2025,data/raw/purchased/china-real-estate-statistical-yearbook-1999-2025/PDF/中国房地产统计年鉴2010（PDF）.rar,中国房地产统计年鉴2010（PDF）.rar,.rar,archive,11624117,11.086,ignored_raw_asset,原始购买数据或配套材料，不提交到 Git
china-real-estate-statistical-yearbook-1999-2025,SRC_CN_PURCHASED_RE_YEARBOOK,中国房地产统计年鉴 1999-2025,data/raw/purchased/china-real-estate-statistical-yearbook-1999-2025/PDF/中国房地产统计年鉴2011（PDF）.rar,中国房地产统计年鉴2011（PDF）.rar,.rar,archive,11952061,11.398,ignored_raw_asset,原始购买数据或配套材料，不提交到 Git
china-real-estate-statistical-yearbook-1999-2025,SRC_CN_PURCHASED_RE_YEARBOOK,中国房地产统计年鉴 1999-2025,data/raw/purchased/china-real-estate-statistical-yearbook-1999-2025/PDF/中国房地产统计年鉴2012（PDF）.rar,中国房地产统计年鉴2012（PDF）.rar,.rar,archive,13164416,12.555,ignored_raw_asset,原始购买数据或配套材料，不提交到 Git
china-real-estate-statistical-yearbook-1999-2025,SRC_CN_PURCHASED_RE_YEARBOOK,中国房地产统计年鉴 1999-2025,data/raw/purchased/china-real-estate-statistical-yearbook-1999-2025/PDF/中国房地产统计年鉴2013（PDF）.rar,中国房地产统计年鉴2013（PDF）.rar,.rar,archive,15498932,14.781,ignored_raw_asset,原始购买数据或配套材料，不提交到 Git
china-real-estate-statistical-yearbook-1999-2025,SRC_CN_PURCHASED_RE_YEARBOOK,中国房地产统计年鉴 1999-2025,data/raw/purchased/china-real-estate-statistical-yearbook-1999-2025/PDF/中国房地产统计年鉴2014（PDF）.rar,中国房地产统计年鉴2014（PDF）.rar,.rar,archive,17413202,16.607,ignored_raw_asset,原始购买数据或配套材料，不提交到 Git
china-real-estate-statistical-yearbook-1999-2025,SRC_CN_PURCHASED_RE_YEARBOOK,中国房地产统计年鉴 1999-2025,data/raw/purchased/china-real-estate-statistical-yearbook-1999-2025/PDF/中国房地产统计年鉴2015（PDF）.rar,中国房地产统计年鉴2015（PDF）.rar,.rar,archive,18964188,18.086,ignored_raw_asset,原始购买数据或配套材料，不提交到 Git
china-real-estate-statistical-yearbook-1999-2025,SRC_CN_PURCHASED_RE_YEARBOOK,中国房地产统计年鉴 1999-2025,data/raw/purchased/china-real-estate-statistical-yearbook-1999-2025/PDF/中国房地产统计年鉴2016（PDF）.rar,中国房地产统计年鉴2016（PDF）.rar,.rar,archive,4690931,4.474,ignored_raw_asset,原始购买数据或配套材料，不提交到 Git
china-real-estate-statistical-yearbook-1999-2025,SRC_CN_PURCHASED_RE_YEARBOOK,中国房地产统计年鉴 1999-2025,data/raw/purchased/china-real-estate-statistical-yearbook-1999-2025/PDF/中国房地产统计年鉴2017（PDF）.rar,中国房地产统计年鉴2017（PDF）.rar,.rar,archive,3049726,2.908,ignored_raw_asset,原始购买数据或配套材料，不提交到 Git
china-real-estate-statistical-yearbook-1999-2025,SRC_CN_PURCHASED_RE_YEARBOOK,中国房地产统计年鉴 1999-2025,data/raw/purchased/china-real-estate-statistical-yearbook-1999-2025/PDF/中国房地产统计年鉴2018（PDF）.rar,中国房地产统计年鉴2018（PDF）.rar,.rar,archive,4827760,4.604,ignored_raw_asset,原始购买数据或配套材料，不提交到 Git
china-real-estate-statistical-yearbook-1999-2025,SRC_CN_PURCHASED_RE_YEARBOOK,中国房地产统计年鉴 1999-2025,data/raw/purchased/china-real-estate-statistical-yearbook-1999-2025/PDF/中国房地产统计年鉴2019（PDF扫描版）.rar,中国房地产统计年鉴2019（PDF扫描版）.rar,.rar,archive,4774627,4.553,ignored_raw_asset,原始购买数据或配套材料，不提交到 Git
china-real-estate-statistical-yearbook-1999-2025,SRC_CN_PURCHASED_RE_YEARBOOK,中国房地产统计年鉴 1999-2025,data/raw/purchased/china-real-estate-statistical-yearbook-1999-2025/PDF/中国房地产统计年鉴2020（PDF）.zip,中国房地产统计年鉴2020（PDF）.zip,.zip,archive,15904017,15.167,ignored_raw_asset,原始购买数据或配套材料，不提交到 Git
china-real-estate-statistical-yearbook-1999-2025,SRC_CN_PURCHASED_RE_YEARBOOK,中国房地产统计年鉴 1999-2025,data/raw/purchased/china-real-estate-statistical-yearbook-1999-2025/PDF/中国房地产统计年鉴2021（PDF扫描版）.rar,中国房地产统计年鉴2021（PDF扫描版）.rar,.rar,archive,6223246,5.935,ignored_raw_asset,原始购买数据或配套材料，不提交到 Git
china-real-estate-statistical-yearbook-1999-2025,SRC_CN_PURCHASED_RE_YEARBOOK,中国房地产统计年鉴 1999-2025,data/raw/purchased/china-real-estate-statistical-yearbook-1999-2025/PDF/中国房地产统计年鉴2022（PDF）.zip,中国房地产统计年鉴2022（PDF）.zip,.zip,archive,14829290,14.142,ignored_raw_asset,原始购买数据或配套材料，不提交到 Git
china-real-estate-statistical-yearbook-1999-2025,SRC_CN_PURCHASED_RE_YEARBOOK,中国房地产统计年鉴 1999-2025,data/raw/purchased/china-real-estate-statistical-yearbook-1999-2025/PDF/中国房地产统计年鉴2023（PDF）.zip,中国房地产统计年鉴2023（PDF）.zip,.zip,archive,13883355,13.240,ignored_raw_asset,原始购买数据或配套材料，不提交到 Git
china-real-estate-statistical-yearbook-1999-2025,SRC_CN_PURCHASED_RE_YEARBOOK,中国房地产统计年鉴 1999-2025,data/raw/purchased/china-real-estate-statistical-yearbook-1999-2025/PDF/中国房地产统计年鉴2024（pdf）.zip,中国房地产统计年鉴2024（pdf）.zip,.zip,archive,166636780,158.917,ignored_raw_asset,原始购买数据或配套材料，不提交到 Git
china-real-estate-statistical-yearbook-1999-2025,SRC_CN_PURCHASED_RE_YEARBOOK,中国房地产统计年鉴 1999-2025,data/raw/purchased/china-real-estate-statistical-yearbook-1999-2025/中国房地产统计年鉴2025（excel）.rar,中国房地产统计年鉴2025（excel）.rar,.rar,archive,1386348,1.322,ignored_raw_asset,原始购买数据或配套材料，不提交到 Git
prefecture-real-estate-indicators-2000-2024,SRC_CN_PURCHASED_PREF_RE_INDICATORS,地级市房地产指标 2000-2024,data/raw/purchased/prefecture-real-estate-indicators-2000-2024/2000-2022年296个地级以上城市房价数据.xlsx,2000-2022年296个地级以上城市房价数据.xlsx,.xlsx,spreadsheet_data,70615,0.067,ignored_raw_asset,原始购买数据或配套材料，不提交到 Git
prefecture-real-estate-indicators-2000-2024,SRC_CN_PURCHASED_PREF_RE_INDICATORS,地级市房地产指标 2000-2024,data/raw/purchased/prefecture-real-estate-indicators-2000-2024/297个地级市住宅开发投资额2000-2024年（截至2025.12.29更新）.xlsx,297个地级市住宅开发投资额2000-2024年（截至2025.12.29更新）.xlsx,.xlsx,spreadsheet_data,78635,0.075,ignored_raw_asset,原始购买数据或配套材料，不提交到 Git
prefecture-real-estate-indicators-2000-2024,SRC_CN_PURCHASED_PREF_RE_INDICATORS,地级市房地产指标 2000-2024,data/raw/purchased/prefecture-real-estate-indicators-2000-2024/297个地级市住宅销售面积2005-2024年（截至2025.12.29更新）.xlsx,297个地级市住宅销售面积2005-2024年（截至2025.12.29更新）.xlsx,.xlsx,spreadsheet_data,68284,0.065,ignored_raw_asset,原始购买数据或配套材料，不提交到 Git
prefecture-real-estate-indicators-2000-2024,SRC_CN_PURCHASED_PREF_RE_INDICATORS,地级市房地产指标 2000-2024,data/raw/purchased/prefecture-real-estate-indicators-2000-2024/297个地级市住宅销售额2005-2024年（截至2025.12.29更新）.xlsx,297个地级市住宅销售额2005-2024年（截至2025.12.29更新）.xlsx,.xlsx,spreadsheet_data,66923,0.064,ignored_raw_asset,原始购买数据或配套材料，不提交到 Git
prefecture-real-estate-indicators-2000-2024,SRC_CN_PURCHASED_PREF_RE_INDICATORS,地级市房地产指标 2000-2024,data/raw/purchased/prefecture-real-estate-indicators-2000-2024/297个地级市商品房销售面积2002-2024年（截至2025.12.29更新）.xlsx,297个地级市商品房销售面积2002-2024年（截至2025.12.29更新）.xlsx,.xlsx,spreadsheet_data,73741,0.070,ignored_raw_asset,原始购买数据或配套材料，不提交到 Git
prefecture-real-estate-indicators-2000-2024,SRC_CN_PURCHASED_PREF_RE_INDICATORS,地级市房地产指标 2000-2024,data/raw/purchased/prefecture-real-estate-indicators-2000-2024/297个地级市商品房销售额2002-2024年（截至2025.12.29更新）.xlsx,297个地级市商品房销售额2002-2024年（截至2025.12.29更新）.xlsx,.xlsx,spreadsheet_data,71950,0.069,ignored_raw_asset,原始购买数据或配套材料，不提交到 Git
prefecture-real-estate-indicators-2000-2024,SRC_CN_PURCHASED_PREF_RE_INDICATORS,地级市房地产指标 2000-2024,data/raw/purchased/prefecture-real-estate-indicators-2000-2024/297个地级市房地产开发投资额2000-2024年（截至2025.12.29更新）.xlsx,297个地级市房地产开发投资额2000-2024年（截至2025.12.29更新）.xlsx,.xlsx,spreadsheet_data,85228,0.081,ignored_raw_asset,原始购买数据或配套材料，不提交到 Git
prefecture-real-estate-indicators-2000-2024,SRC_CN_PURCHASED_PREF_RE_INDICATORS,地级市房地产指标 2000-2024,data/raw/purchased/prefecture-real-estate-indicators-2000-2024/DATA_SOURCE.md,DATA_SOURCE.md,.md,source_note,934,0.001,tracked_metadata,唯一应提交的购买数据目录说明文件
